rotor_index,angle_index,angle_radians,energy_eV
0,0,-3.141592653589793,-705.1938356727284
0,1,-3.129320807286708,-705.1939816059235
0,2,-3.117048960983623,-705.1941376738904
0,3,-3.104777114680538,-705.1943034331382
0,4,-3.0925052683774528,-705.1944784480124
0,5,-3.0802334220743677,-705.1946622922196
0,6,-3.067961575771282,-705.1948545505412
0,7,-3.055689729468197,-705.1950548200582
0,8,-3.043417883165112,-705.1952627112938
0,9,-3.031146036862027,-705.1954778493572
0,10,-3.018874190558942,-705.1956998746224
0,11,-3.0066023442558567,-705.1959284435457
0,12,-2.9943304979527716,-705.1961632290732
0,13,-2.9820586516496865,-705.1964039209684
0,14,-2.9697868053466014,-705.1966502260556
0,15,-2.9575149590435164,-705.1969018681663
0,16,-2.945243112740431,-705.1971585880304
0,17,-2.9329712664373457,-705.1974201429499
0,18,-2.9206994201342606,-705.1976863063898
0,19,-2.9084275738311756,-705.1979568675433
0,20,-2.8961557275280905,-705.1982316304342
0,21,-2.8838838812250054,-705.1985104132631
0,22,-2.8716120349219203,-705.1987930475918
0,23,-2.859340188618835,-705.1990793771994
0,24,-2.84706834231575,-705.1993692571039
0,25,-2.834796496012665,-705.1996625524455
0,26,-2.82252464970958,-705.199959137317
0,27,-2.8102528034064944,-705.2002588933765
0,28,-2.7979809571034093,-705.200561708812
0,29,-2.7857091108003242,-705.2008674767917
0,30,-2.773437264497239,-705.2011760942935
0,31,-2.761165418194154,-705.2014874607711
0,32,-2.748893571891069,-705.2018014766853
0,33,-2.736621725587984,-705.2021180423609
0,34,-2.724349879284899,-705.2024370566257
0,35,-2.7120780329818137,-705.2027584154781
0,36,-2.6998061866787286,-705.2030820109703
0,37,-2.6875343403756435,-705.2034077299847
0,38,-2.675262494072558,-705.2037354530362
0,39,-2.662990647769473,-705.2040650533468
0,40,-2.650718801466388,-705.204396395703
0,41,-2.6384469551633027,-705.2047293355853
0,42,-2.6261751088602177,-705.2050637183785
0,43,-2.6139032625571326,-705.2053993785287
0,44,-2.6016314162540475,-705.2057361388353
0,45,-2.5893595699509624,-705.2060738099069
0,46,-2.5770877236478773,-705.206412189699
0,47,-2.5648158773447918,-705.2067510629969
0,48,-2.552544031041707,-705.2070902011976
0,49,-2.5402721847386216,-705.2074293620382
0,50,-2.5280003384355365,-705.2077682895683
0,51,-2.5157284921324514,-705.2081067140144
0,52,-2.5034566458293663,-705.2084443519425
0,53,-2.4911847995262812,-705.2087809064493
0,54,-2.478912953223196,-705.2091160674338
0,55,-2.466641106920111,-705.2094495118969
0,56,-2.454369260617026,-705.209780904567
0,57,-2.442097414313941,-705.2101098982813
0,58,-2.4298255680108554,-705.2104361348563
0,59,-2.4175537217077707,-705.2107592455776
0,60,-2.405281875404685,-705.2110788522344
0,61,-2.3930100291016,-705.2113945679351
0,62,-2.380738182798515,-705.2117059981146
0,63,-2.36846633649543,-705.2120127415136
0,64,-2.356194490192345,-705.2123143914039
0,65,-2.3439226438892597,-705.2126105366756
0,66,-2.3316507975861747,-705.2129007632259
0,67,-2.3193789512830896,-705.2131846550743
0,68,-2.3071071049800045,-705.2134617957778
0,69,-2.294835258676919,-705.2137317699273
0,70,-2.2825634123738343,-705.2139941643724
0,71,-2.270291566070749,-705.2142485698811
0,72,-2.2580197197676637,-705.2144945825002
0,73,-2.2457478734645786,-705.2147318050252
0,74,-2.2334760271614935,-705.2149598487142
0,75,-2.2212041808584084,-705.2151783345672
0,76,-2.2089323345553233,-705.2153868950398
0,77,-2.1966604882522383,-705.2155851755405
0,78,-2.184388641949153,-705.2157728358452
0,79,-2.172116795646068,-705.2159495517304
0,80,-2.1598449493429825,-705.2161150163877
0,81,-2.147573103039898,-705.2162689418934
0,82,-2.1353012567368124,-705.2164110605692
0,83,-2.1230294104337273,-705.2165411264783
0,84,-2.110757564130642,-705.2166589166236
0,85,-2.098485717827557,-705.2167642323349
0,86,-2.086213871524472,-705.2168569003842
0,87,-2.073942025221387,-705.2169367742383
0,88,-2.061670178918302,-705.2170037350652
0,89,-2.0493983326152163,-705.2170576927407
0,90,-2.0371264863121317,-705.2170985868011
0,91,-2.024854640009046,-705.2171263872865
0,92,-2.0125827937059615,-705.2171410953674
0,93,-2.000310947402876,-705.2171427441868
0,94,-1.9880391010997909,-705.2171313991613
0,95,-1.9757672547967058,-705.2171071586326
0,96,-1.9634954084936207,-705.2170701539773
0,97,-1.9512235621905356,-705.2170205499604
0,98,-1.9389517158874505,-705.2169585447351
0,99,-1.9266798695843652,-705.2168843698432
0,100,-1.9144080232812801,-705.2167982899971
0,101,-1.902136176978195,-705.2167006028619
0,102,-1.88986433067511,-705.2165916385393
0,103,-1.8775924843720249,-705.2164717590492
0,104,-1.8653206380689396,-705.2163413576781
0,105,-1.8530487917658545,-705.2162008580527
0,106,-1.8407769454627694,-705.2160507133786
0,107,-1.8285050991596843,-705.2158914051342
0,108,-1.8162332528565992,-705.2157234420363
0,109,-1.8039614065535141,-705.2155473586253
0,110,-1.7916895602504288,-705.2153637137687
0,111,-1.7794177139473437,-705.2151730892459
0,112,-1.7671458676442586,-705.2149760878981
0,113,-1.7548740213411735,-705.2147733318592
0,114,-1.7426021750380885,-705.2145654607598
0,115,-1.7303303287350031,-705.2143531296326
0,116,-1.718058482431918,-705.2141370068438
0,117,-1.705786636128833,-705.2139177720246
0,118,-1.6935147898257479,-705.2136961136506
0,119,-1.6812429435226628,-705.213472727027
0,120,-1.6689710972195777,-705.2132483116497
0,121,-1.6566992509164924,-705.21302356911
0,122,-1.6444274046134073,-705.212799200482
0,123,-1.6321555583103222,-705.2125759039552
0,124,-1.6198837120072371,-705.212354372495
0,125,-1.607611865704152,-705.2121352913658
0,126,-1.5953400194010667,-705.2119193356548
0,127,-1.5830681730979816,-705.2117071681225
0,128,-1.5707963267948966,-705.211499436672
0,129,-1.5585244804918115,-705.211296772281
0,130,-1.5462526341887264,-705.211099786743
0,131,-1.533980787885641,-705.2109090705179
0,132,-1.521708941582556,-705.2107251909632
0,133,-1.509437095279471,-705.2105486901839
0,134,-1.4971652489763858,-705.2103800835639
0,135,-1.4848934026733007,-705.2102198578875
0,136,-1.4726215563702154,-705.2100684700613
0,137,-1.4603497100671303,-705.2099263456712
0,138,-1.4480778637640452,-705.2097938779218
0,139,-1.4358060174609601,-705.2096714265477
0,140,-1.423534171157875,-705.2095593170242
0,141,-1.41126232485479,-705.209457839996
0,142,-1.3989904785517047,-705.2093672507062
0,143,-1.3867186322486196,-705.2092877687231
0,144,-1.3744467859455345,-705.2092195779688
0,145,-1.3621749396424494,-705.2091628266636
0,146,-1.3499030933393643,-705.2091176276803
0,147,-1.337631247036279,-705.2090840589523
0,148,-1.325359400733194,-705.2090621640995
0,149,-1.3130875544301088,-705.2090519532445
0,150,-1.3008157081270237,-705.2090534039379
0,151,-1.2885438618239387,-705.2090664622467
0,152,-1.2762720155208536,-705.2090910440335
0,153,-1.2640001692177683,-705.2091270363436
0,154,-1.2517283229146832,-705.209174298848
0,155,-1.239456476611598,-705.2092326655027
0,156,-1.227184630308513,-705.2093019462363
0,157,-1.214912784005428,-705.2093819287728
0,158,-1.2026409377023426,-705.2094723804003
0,159,-1.1903690913992575,-705.209573049985
0,160,-1.1780972450961724,-705.2096836698755
0,161,-1.1658253987930873,-705.2098039579173
0,162,-1.1535535524900022,-705.2099336193837
0,163,-1.1412817061869172,-705.2100723489627
0,164,-1.129009859883832,-705.2102198328259
0,165,-1.116738013580747,-705.2103757505043
0,166,-1.1044661672776614,-705.2105397766591
0,167,-1.0921943209745764,-705.2107115831748
0,168,-1.0799224746714913,-705.2108908407123
0,169,-1.0676506283684062,-705.2110772204765
0,170,-1.055378782065321,-705.2112703958218
0,171,-1.043106935762236,-705.2114700436673
0,172,-1.030835089459151,-705.211675846021
0,173,-1.0185632431560658,-705.2118874911491
0,174,-1.0062913968529807,-705.2121046747195
0,175,-0.9940195505498957,-705.21232710089
0,176,-0.9817477042468106,-705.2125544832064
0,177,-0.969475857943725,-705.2127865452553
0,178,-0.95720401164064,-705.2130230214264
0,179,-0.9449321653375549,-705.2132636572934
0,180,-0.9326603190344698,-705.2135082100489
0,181,-0.9203884727313847,-705.213756448641
0,182,-0.9081166264282996,-705.2140081539637
0,183,-0.8958447801252145,-705.2142631187207
0,184,-0.8835729338221294,-705.2145211473711
0,185,-0.8713010875190443,-705.214782055748
0,186,-0.8590292412159592,-705.2150456707053
0,187,-0.8467573949128737,-705.2153118296009
0,188,-0.8344855486097886,-705.2155803797513
0,189,-0.8222137023067035,-705.2158511776712
0,190,-0.8099418560036185,-705.2161240883103
0,191,-0.7976700097005334,-705.2163989842647
0,192,-0.7853981633974483,-705.2166757447163
0,193,-0.7731263170943632,-705.2169542546424
0,194,-0.7608544707912781,-705.2172344035918
0,195,-0.748582624488193,-705.2175160847328
0,196,-0.7363107781851079,-705.2177991937368
0,197,-0.7240389318820228,-705.218083627636
0,198,-0.7117670855789373,-705.2183692836259
0,199,-0.6994952392758522,-705.2186560579763
0,200,-0.6872233929727671,-705.218943844917
0,201,-0.674951546669682,-705.2192325354389
0,202,-0.662679700366597,-705.2195220162067
0,203,-0.6504078540635119,-705.2198121684155
0,204,-0.6381360077604268,-705.2201028668657
0,205,-0.6258641614573417,-705.2203939788201
0,206,-0.6135923151542566,-705.2206853630514
0,207,-0.6013204688511715,-705.2209768689995
0,208,-0.589048622548086,-705.221268335872
0,209,-0.5767767762450009,-705.2215595918562
0,210,-0.5645049299419158,-705.2218504533298
0,211,-0.5522330836388307,-705.222140724398
0,212,-0.5399612373357456,-705.2224301960771
0,213,-0.5276893910326605,-705.2227186459687
0,214,-0.5154175447295755,-705.2230058377963
0,215,-0.5031456984264904,-705.2232915210519
0,216,-0.4908738521234053,-705.2235754308598
0,217,-0.4786020058203202,-705.2238572876232
0,218,-0.4663301595172351,-705.224136797241
0,219,-0.4540583132141496,-705.2244136508373
0,220,-0.4417864669110645,-705.2246875251402
0,221,-0.4295146206079794,-705.2249580824571
0,222,-0.4172427743048943,-705.2252249711892
0,223,-0.4049709280018092,-705.2254878260236
0,224,-0.39269908169872414,-705.2257462685319
0,225,-0.38042723539563905,-705.2259999076862
0,226,-0.36815538909255396,-705.2262483404317
0,227,-0.3558835427894689,-705.2264911525292
0,228,-0.3436116964863838,-705.2267279192364
0,229,-0.3313398501832987,-705.2269582062593
0,230,-0.31906800388021317,-705.2271815705695
0,231,-0.3067961575771281,-705.2273975616554
0,232,-0.294524311274043,-705.2276057222566
0,233,-0.2822524649709579,-705.2278055898614
0,234,-0.2699806186678728,-705.2279966976582
0,235,-0.25770877236478773,-705.2281785758156
0,236,-0.24543692606170264,-705.2283507528689
0,237,-0.23316507975861755,-705.2285127570541
0,238,-0.22089323345553247,-705.2286641175601
0,239,-0.20862138715244738,-705.2288043661333
0,240,-0.1963495408493623,-705.2289330384114
0,241,-0.18407769454627676,-705.2290496754471
0,242,-0.17180584824319167,-705.2291538251502
0,243,-0.15953400194010658,-705.2292450439484
0,244,-0.1472621556370215,-705.229322898119
0,245,-0.1349903093339364,-705.2293869655592
0,246,-0.12271846303085132,-705.2294368371457
0,247,-0.11044661672776623,-705.2294721183135
0,248,-0.09817477042468115,-705.2294924306881
0,249,-0.08590292412159606,-705.2294974134738
0,250,-0.07363107781851097,-705.2294867251135
0,251,-0.06135923151542544,-705.2294600445398
0,252,-0.04908738521234035,-705.2294170728901
0,253,-0.03681553890925526,-705.2293575347306
0,254,-0.024543692606170175,-705.2292811795537
0,255,-0.012271846303085088,-705.2291877829739
0,256,0.0,-705.2290771481986
0,257,0.012271846303085088,-705.2289491071432
0,258,0.024543692606170175,-705.2288035216008
0,259,0.03681553890925526,-705.2286402844131
0,260,0.04908738521234035,-705.2284593204768
0,261,0.06135923151542544,-705.2282605876685
0,262,0.07363107781851097,-705.2280440777431
0,263,0.08590292412159606,-705.2278098172319
0,264,0.09817477042468115,-705.2275578680134
0,265,0.11044661672776623,-705.2272883279671
0,266,0.12271846303085132,-705.2270013315444
0,267,0.1349903093339364,-705.2266970500683
0,268,0.1472621556370215,-705.2263756922227
0,269,0.15953400194010658,-705.226037504026
0,270,0.17180584824319167,-705.2256827690478
0,271,0.18407769454627676,-705.225311808301
0,272,0.1963495408493623,-705.2249249801866
0,273,0.20862138715244738,-705.2245226800862
0,274,0.22089323345553247,-705.2241053399533
0,275,0.23316507975861755,-705.2236734279055
0,276,0.24543692606170264,-705.2232274474349
0,277,0.25770877236478773,-705.2227679366466
0,278,0.2699806186678728,-705.2222954673337
0,279,0.2822524649709579,-705.2218106439152
0,280,0.294524311274043,-705.22131410224
0,281,0.3067961575771281,-705.220806508388
0,282,0.31906800388021317,-705.2202885569844
0,283,0.3313398501832987,-705.219760969893
0,284,0.3436116964863838,-705.2192244943926
0,285,0.3558835427894689,-705.2186799014638
0,286,0.36815538909255396,-705.2181279837738
0,287,0.38042723539563905,-705.2175695538006
0,288,0.39269908169872414,-705.2170054416273
0,289,0.4049709280018092,-705.2164364928477
0,290,0.4172427743048943,-705.2158635661174
0,291,0.4295146206079794,-705.215287531003
0,292,0.4417864669110645,-705.2147092654802
0,293,0.4540583132141496,-705.2141296533748
0,294,0.4663301595172351,-705.2135495819684
0,295,0.4786020058203202,-705.2129699394134
0,296,0.4908738521234053,-705.2123916121751
0,297,0.5031456984264904,-705.2118154823652
0,298,0.5154175447295755,-705.2112424252377
0,299,0.5276893910326605,-705.2106733066864
0,300,0.5399612373357456,-705.2101089805228
0,301,0.5522330836388307,-705.209550286191
0,302,0.5645049299419158,-705.2089980461277
0,303,0.5767767762450009,-705.2084530636134
0,304,0.589048622548086,-705.2079161202406
0,305,0.6013204688511715,-705.2073879738462
0,306,0.6135923151542566,-705.206869356444
0,307,0.6258641614573417,-705.2063609721013
0,308,0.6381360077604268,-705.2058634951978
0,309,0.6504078540635119,-705.2053775687115
0,310,0.662679700366597,-705.2049038025583
0,311,0.674951546669682,-705.2044427722591
0,312,0.6872233929727671,-705.2039950176332
0,313,0.6994952392758522,-705.2035610417377
0,314,0.7117670855789373,-705.2031413099417
0,315,0.7240389318820228,-705.2027362491917
0,316,0.7363107781851079,-705.2023462475222
0,317,0.748582624488193,-705.2019716535928
0,318,0.7608544707912781,-705.201612776579
0,319,0.7731263170943632,-705.2012698861458
0,320,0.7853981633974483,-705.2009432126105
0,321,0.7976700097005334,-705.2006329473777
0,322,0.8099418560036185,-705.2003392434027
0,323,0.8222137023067035,-705.2000622158985
0,324,0.8344855486097886,-705.1998019432341
0,325,0.8467573949128737,-705.1995584679134
0,326,0.8590292412159588,-705.1993317977734
0,327,0.8713010875190443,-705.1991219071539
0,328,0.883572933822129,-705.1989287385027
0,329,0.8958447801252145,-705.198752203682
0,330,0.9081166264282992,-705.1985921857374
0,331,0.9203884727313847,-705.1984485405029
0,332,0.9326603190344702,-705.19832109837
0,333,0.9449321653375549,-705.1982096661651
0,334,0.9572040116406404,-705.1981140289726
0,335,0.969475857943725,-705.1980339519854
0,336,0.9817477042468106,-705.1979691824642
0,337,0.9940195505498952,-705.1979194516695
0,338,1.0062913968529807,-705.1978844766298
0,339,1.0185632431560654,-705.1978639621018
0,340,1.030835089459151,-705.1978576023383
0,341,1.0431069357622356,-705.1978650829388
0,342,1.055378782065321,-705.1978860824282
0,343,1.0676506283684066,-705.1979202740248
0,344,1.0799224746714913,-705.1979673270831
0,345,1.0921943209745768,-705.1980269086446
0,346,1.1044661672776614,-705.1980986847168
0,347,1.116738013580747,-705.1981823215791
0,348,1.1290098598838316,-705.1982774869534
0,349,1.1412817061869172,-705.1983838510105
0,350,1.1535535524900018,-705.1985010872409
0,351,1.1658253987930873,-705.1986288732984
0,352,1.178097245096172,-705.1987668916536
0,353,1.1903690913992575,-705.1989148301917
0,354,1.202640937702343,-705.199072382567
0,355,1.2149127840054277,-705.1992392484747
0,356,1.2271846303085132,-705.1994151339773
0,357,1.2394564766115979,-705.1995997514504
0,358,1.2517283229146834,-705.1997928196372
0,359,1.264000169217768,-705.1999940633762
0,360,1.2762720155208536,-705.2002032134924
0,361,1.2885438618239382,-705.2004200063617
0,362,1.3008157081270237,-705.2006441835848
0,363,1.3130875544301093,-705.2008754913069
0,364,1.325359400733194,-705.2011136798361
0,365,1.3376312470362794,-705.2013585028279
0,366,1.349903093339364,-705.2016097166858
0,367,1.3621749396424496,-705.2018670796912
0,368,1.3744467859455343,-705.2021303513498
0,369,1.3867186322486198,-705.2023992914394
0,370,1.3989904785517044,-705.2026736591394
0,371,1.41126232485479,-705.2029532122955
0,372,1.4235341711578746,-705.2032377063047
0,373,1.4358060174609601,-705.2035268934344
0,374,1.4480778637640457,-705.2038205218433
0,375,1.4603497100671303,-705.2041183347104
0,376,1.4726215563702159,-705.2044200693641
0,377,1.4848934026733005,-705.2047254565477
0,378,1.497165248976386,-705.2050342194943
0,379,1.5094370952794707,-705.2053460733551
0,380,1.5217089415825562,-705.2056607243014
0,381,1.5339807878856409,-705.2059778690897
0,382,1.5462526341887264,-705.2062971942719
0,383,1.558524480491811,-705.2066183757604
0,384,1.5707963267948966,-705.2069410783655
0,385,1.583068173097982,-705.2072649554412
0,386,1.5953400194010667,-705.2075896484231
0,387,1.6076118657041523,-705.2079147867465
0,388,1.619883712007237,-705.2082399875745
0,389,1.6321555583103224,-705.208564855825
0,390,1.644427404613407,-705.2088889840073
0,391,1.6566992509164926,-705.2092119524133
0,392,1.6689710972195773,-705.2095333293611
0,393,1.6812429435226628,-705.209852671224
0,394,1.6935147898257474,-705.2101695230273
0,395,1.705786636128833,-705.2104834186943
0,396,1.7180584824319185,-705.2107938815907
0,397,1.7303303287350031,-705.2111004252038
0,398,1.7426021750380887,-705.2114025537151
0,399,1.7548740213411733,-705.2116997628704
0,400,1.7671458676442588,-705.2119915406873
0,401,1.7794177139473435,-705.2122773684625
0,402,1.791689560250429,-705.2125567217511
0,403,1.8039614065535137,-705.2128290714274
0,404,1.8162332528565992,-705.2130938847743
0,405,1.8285050991596838,-705.2133506267613
0,406,1.8407769454627694,-705.2135987611883
0,407,1.853048791765855,-705.2138377521269
0,408,1.8653206380689396,-705.2140670652544
0,409,1.877592484372025,-705.2142861692412
0,410,1.8898643306751097,-705.2144945372205
0,411,1.9021361769781953,-705.2146916483933
0,412,1.91440802328128,-705.2148769894445
0,413,1.9266798695843654,-705.2150500562012
0,414,1.93895171588745,-705.2152103552938
0,415,1.9512235621905356,-705.2153574056523
0,416,1.9634954084936211,-705.2154907402476
0,417,1.9757672547967058,-705.2156099076973
0,418,1.9880391010997913,-705.2157144740341
0,419,2.000310947402876,-705.21580402423
0,420,2.0125827937059615,-705.2158781638832
0,421,2.024854640009046,-705.2159365209595
0,422,2.0371264863121317,-705.2159787472895
0,423,2.0493983326152163,-705.2160045202273
0,424,2.061670178918302,-705.2160135442033
0,425,2.0739420252213865,-705.2160055522463
0,426,2.086213871524472,-705.2159803074815
0,427,2.0984857178275576,-705.2159376045441
0,428,2.110757564130642,-705.2158772708872
0,429,2.1230294104337277,-705.215799168222
0,430,2.1353012567368124,-705.2157031936356
0,431,2.147573103039898,-705.2155892807318
0,432,2.1598449493429825,-705.2154574007756
0,433,2.172116795646068,-705.2153075635903
0,434,2.1843886419491527,-705.2151398184827
0,435,2.1966604882522383,-705.2149542549785
0,436,2.208932334555323,-705.2147510034201
0,437,2.2212041808584084,-705.2145302356204
0,438,2.233476027161494,-705.2142921651613
0,439,2.2457478734645786,-705.214037047694
0,440,2.258019719767664,-705.2137651811286
0,441,2.270291566070749,-705.2134769055803
0,442,2.2825634123738343,-705.2131726032057
0,443,2.294835258676919,-705.2128526980129
0,444,2.3071071049800045,-705.212517655289
0,445,2.319378951283089,-705.2121679810845
0,446,2.3316507975861747,-705.2118042214228
0,447,2.3439226438892593,-705.2114269613218
0,448,2.356194490192345,-705.2110368238675
0,449,2.3684663364954304,-705.2106344688001
0,450,2.380738182798515,-705.21022059118
0,451,2.3930100291016005,-705.2097959198915
0,452,2.405281875404685,-705.2093612157921
0,453,2.4175537217077707,-705.208917269944
0,454,2.4298255680108554,-705.2084649016005
0,455,2.442097414313941,-705.208004955947
0,456,2.4543692606170255,-705.2075383018706
0,457,2.466641106920111,-705.2070658294828
0,458,2.4789129532231957,-705.206588447671
0,459,2.4911847995262812,-705.2061070812688
0,460,2.5034566458293668,-705.2056226683342
0,461,2.5157284921324514,-705.2051361574017
0,462,2.528000338435537,-705.2046485043529
0,463,2.5402721847386216,-705.2041606694776
0,464,2.552544031041707,-705.2036736144806
0,465,2.5648158773447918,-705.2031882992164
0,466,2.5770877236478773,-705.2027056786687
0,467,2.589359569950962,-705.2022266997664
0,468,2.6016314162540475,-705.2017522982544
0,469,2.613903262557132,-705.2012833955652
0,470,2.6261751088602177,-705.2008208957421
0,471,2.638446955163303,-705.2003656824481
0,472,2.650718801466388,-705.1999186160255
0,473,2.6629906477694734,-705.1994805306392
0,474,2.675262494072558,-705.1990522314742
0,475,2.6875343403756435,-705.1986344922865
0,476,2.699806186678728,-705.1982280527628
0,477,2.7120780329818137,-705.1978336162632
0,478,2.7243498792848984,-705.197451847698
0,479,2.736621725587984,-705.1970833715684
0,480,2.7488935718910685,-705.1967287701709
0,481,2.761165418194154,-705.196388582046
0,482,2.7734372644972396,-705.1960633006452
0,483,2.7857091108003242,-705.1957533732144
0,484,2.7979809571034098,-705.1954591998975
0,485,2.8102528034064944,-705.1951811331089
0,486,2.82252464970958,-705.1949194770993
0,487,2.8347964960126646,-705.1946744878187
0,488,2.84706834231575,-705.1944463729175
0,489,2.8593401886188348,-705.194235292208
0,490,2.8716120349219203,-705.1940413580187
0,491,2.883883881225006,-705.193864636147
0,492,2.8961557275280905,-705.193705146702
0,493,2.908427573831176,-705.1935628654926
0,494,2.9206994201342606,-705.1934377253069
0,495,2.932971266437346,-705.1933296175987
0,496,2.945243112740431,-705.1932383942562
0,497,2.9575149590435164,-705.1931638695075
0,498,2.969786805346601,-705.1931058222057
0,499,2.9820586516496865,-705.1930639978152
0,500,2.994330497952771,-705.1930381109432
0,501,3.0066023442558567,-705.1930278477879
0,502,3.0188741905589422,-705.193032868588
0,503,3.031146036862027,-705.1930528102619
0,504,3.0434178831651124,-705.1930872890475
0,505,3.055689729468197,-705.1931359031414
0,506,3.0679615757712826,-705.1931982353931
0,507,3.0802334220743672,-705.1932738559716
0,508,3.0925052683774528,-705.1933623248415
0,509,3.1047771146805374,-705.1934631945659
0,510,3.117048960983623,-705.1935760125923
0,511,3.1293208072867076,-705.193700323783
1,0,-3.141592653589793,-661.6179736773784
1,1,-3.129320807286708,-661.6182970693839
1,2,-3.117048960983623,-661.6185710373485
1,3,-3.104777114680538,-661.6187951536998
1,4,-3.0925052683774528,-661.6189690561455
1,5,-3.0802334220743677,-661.6190924482988
1,6,-3.067961575771282,-661.6191651005232
1,7,-3.055689729468197,-661.619186850421
1,8,-3.043417883165112,-661.6191576033237
1,9,-3.031146036862027,-661.6190773327276
1,10,-3.018874190558942,-661.6189460806469
1,11,-3.0066023442558567,-661.6187639578864
1,12,-2.9943304979527716,-661.6185311440685
1,13,-2.9820586516496865,-661.618247887878
1,14,-2.9697868053466014,-661.617914506872
1,15,-2.9575149590435164,-661.6175313874792
1,16,-2.945243112740431,-661.6170989847011
1,17,-2.9329712664373457,-661.6166178219216
1,18,-2.9206994201342606,-661.6160884903082
1,19,-2.9084275738311756,-661.615511648458
1,20,-2.8961557275280905,-661.6148880217447
1,21,-2.8838838812250054,-661.6142184016119
1,22,-2.8716120349219203,-661.613503644728
1,23,-2.859340188618835,-661.6127446721716
1,24,-2.84706834231575,-661.6119424682599
1,25,-2.834796496012665,-661.6110980795702
1,26,-2.82252464970958,-661.610212613633
1,27,-2.8102528034064944,-661.6092872376537
1,28,-2.7979809571034093,-661.6083231770697
1,29,-2.7857091108003242,-661.6073217139726
1,30,-2.773437264497239,-661.6062841855029
1,31,-2.761165418194154,-661.6052119821352
1,32,-2.748893571891069,-661.6041065458007
1,33,-2.736621725587984,-661.6029693679556
1,34,-2.724349879284899,-661.601801987567
1,35,-2.7120780329818137,-661.6006059889636
1,36,-2.6998061866787286,-661.599382999631
1,37,-2.6875343403756435,-661.598134687845
1,38,-2.675262494072558,-661.5968627603853
1,39,-2.662990647769473,-661.5955689599507
1,40,-2.650718801466388,-661.5942550627374
1,41,-2.6384469551633027,-661.5929228756357
1,42,-2.6261751088602177,-661.5915742336998
1,43,-2.6139032625571326,-661.590210997345
1,44,-2.6016314162540475,-661.5888350494362
1,45,-2.5893595699509624,-661.5874482926478
1,46,-2.5770877236478773,-661.5860526462803
1,47,-2.5648158773447918,-661.5846500435669
1,48,-2.552544031041707,-661.5832424285434
1,49,-2.5402721847386216,-661.5818317530824
1,50,-2.5280003384355365,-661.5804199738732
1,51,-2.5157284921324514,-661.5790090494008
1,52,-2.5034566458293663,-661.5776009368986
1,53,-2.4911847995262812,-661.5761975892464
1,54,-2.478912953223196,-661.5748009521124
1,55,-2.466641106920111,-661.573412960716
1,56,-2.454369260617026,-661.5720355369705
1,57,-2.442097414313941,-661.570670586516
1,58,-2.4298255680108554,-661.569319995728
1,59,-2.4175537217077707,-661.5679856289398
1,60,-2.405281875404685,-661.5666693254235
1,61,-2.3930100291016,-661.5653728967773
1,62,-2.380738182798515,-661.5640981241494
1,63,-2.36846633649543,-661.5628467555451
1,64,-2.356194490192345,-661.561620503268
1,65,-2.3439226438892597,-661.5604210413626
1,66,-2.3316507975861747,-661.559250003274
1,67,-2.3193789512830896,-661.5581089794259
1,68,-2.3071071049800045,-661.5569995149629
1,69,-2.294835258676919,-661.5559231076263
1,70,-2.2825634123738343,-661.5548812056883
1,71,-2.270291566070749,-661.5538752059089
1,72,-2.2580197197676637,-661.5529064518232
1,73,-2.2457478734645786,-661.5519762317546
1,74,-2.2334760271614935,-661.5510857773988
1,75,-2.2212041808584084,-661.550236262084
1,76,-2.2089323345553233,-661.5494287994902
1,77,-2.1966604882522383,-661.5486644421815
1,78,-2.184388641949153,-661.5479441805702
1,79,-2.172116795646068,-661.5472689415853
1,80,-2.1598449493429825,-661.5466395878822
1,81,-2.147573103039898,-661.5460569168904
1,82,-2.1353012567368124,-661.5455216600249
1,83,-2.1230294104337273,-661.5450344820867
1,84,-2.110757564130642,-661.5445959806113
1,85,-2.098485717827557,-661.544206685567
1,86,-2.086213871524472,-661.5438670589492
1,87,-2.073942025221387,-661.5435774944792
1,88,-2.061670178918302,-661.543338317578
1,89,-2.0493983326152163,-661.5431497853659
1,90,-2.0371264863121317,-661.5430120865541
1,91,-2.024854640009046,-661.5429253417705
1,92,-2.0125827937059615,-661.5428896037507
1,93,-2.000310947402876,-661.5429048576647
1,94,-1.9880391010997909,-661.5429710215245
1,95,-1.9757672547967058,-661.5430879467832
1,96,-1.9634954084936207,-661.5432554188245
1,97,-1.9512235621905356,-661.5434731575888
1,98,-1.9389517158874505,-661.5437408184712
1,99,-1.9266798695843652,-661.5440579929199
1,100,-1.9144080232812801,-661.5444242094975
1,101,-1.902136176978195,-661.5448389346434
1,102,-1.88986433067511,-661.5453015738159
1,103,-1.8775924843720249,-661.5458114724179
1,104,-1.8653206380689396,-661.5463679169667
1,105,-1.8530487917658545,-661.5469701362374
1,106,-1.8407769454627694,-661.547617302514
1,107,-1.8285050991596843,-661.548308532787
1,108,-1.8162332528565992,-661.5490428900051
1,109,-1.8039614065535141,-661.549819384599
1,110,-1.7916895602504288,-661.5506369756516
1,111,-1.7794177139473437,-661.5514945725033
1,112,-1.7671458676442586,-661.552391036031
1,113,-1.7548740213411735,-661.5533251803082
1,114,-1.7426021750380885,-661.554295774074
1,115,-1.7303303287350031,-661.5553015422845
1,116,-1.718058482431918,-661.5563411676909
1,117,-1.705786636128833,-661.5574132924994
1,118,-1.6935147898257479,-661.5585165200583
1,119,-1.6812429435226628,-661.5596494164367
1,120,-1.6689710972195777,-661.5608105123011
1,121,-1.6566992509164924,-661.5619983044676
1,122,-1.6444274046134073,-661.5632112578598
1,123,-1.6321555583103222,-661.5644478071977
1,124,-1.6198837120072371,-661.5657063587645
1,125,-1.607611865704152,-661.5669852924214
1,126,-1.5953400194010667,-661.5682829633763
1,127,-1.5830681730979816,-661.5695977040882
1,128,-1.5707963267948966,-661.5709278261995
1,129,-1.5585244804918115,-661.5722716224949
1,130,-1.5462526341887264,-661.5736273689155
1,131,-1.533980787885641,-661.5749933264633
1,132,-1.521708941582556,-661.5763677432418
1,133,-1.509437095279471,-661.5777488566066
1,134,-1.4971652489763858,-661.5791348950689
1,135,-1.4848934026733007,-661.5805240804735
1,136,-1.4726215563702154,-661.5819146300668
1,137,-1.4603497100671303,-661.5833047585637
1,138,-1.4480778637640452,-661.584692680435
1,139,-1.4358060174609601,-661.5860766118379
1,140,-1.423534171157875,-661.5874547729034
1,141,-1.41126232485479,-661.5888253899112
1,142,-1.3989904785517047,-661.5901866974411
1,143,-1.3867186322486196,-661.5915369404405
1,144,-1.3744467859455345,-661.5928743765643
1,145,-1.3621749396424494,-661.5941972783519
1,146,-1.3499030933393643,-661.5955039352956
1,147,-1.337631247036279,-661.5967926560176
1,148,-1.325359400733194,-661.5980617706089
1,149,-1.3130875544301088,-661.5993096325635
1,150,-1.3008157081270237,-661.6005346210621
1,151,-1.2885438618239387,-661.6017351430688
1,152,-1.2762720155208536,-661.6029096353709
1,153,-1.2640001692177683,-661.6040565667291
1,154,-1.2517283229146832,-661.6051744398645
1,155,-1.239456476611598,-661.6062617935253
1,156,-1.227184630308513,-661.6073172043929
1,157,-1.214912784005428,-661.6083392891492
1,158,-1.2026409377023426,-661.6093267062183
1,159,-1.1903690913992575,-661.6102781577264
1,160,-1.1780972450961724,-661.6111923913505
1,161,-1.1658253987930873,-661.6120682019259
1,162,-1.1535535524900022,-661.6129044332952
1,163,-1.1412817061869172,-661.6136999798323
1,164,-1.129009859883832,-661.6144537881846
1,165,-1.116738013580747,-661.6151648586875
1,166,-1.1044661672776614,-661.6158322468609
1,167,-1.0921943209745764,-661.6164550647974
1,168,-1.0799224746714913,-661.6170324825493
1,169,-1.0676506283684062,-661.6175637293546
1,170,-1.055378782065321,-661.6180480948597
1,171,-1.043106935762236,-661.6184849302093
1,172,-1.030835089459151,-661.6188736491612
1,173,-1.0185632431560658,-661.6192137289847
1,174,-1.0062913968529807,-661.6195047114402
1,175,-0.9940195505498957,-661.6197462035406
1,176,-0.9817477042468106,-661.6199378783411
1,177,-0.969475857943725,-661.6200794756467
1,178,-0.95720401164064,-661.6201708024196
1,179,-0.9449321653375549,-661.6202117335419
1,180,-0.9326603190344698,-661.6202022120057
1,181,-0.9203884727313847,-661.6201422493486
1,182,-0.9081166264282996,-661.6200319259261
1,183,-0.8958447801252145,-661.6198713910196
1,184,-0.8835729338221294,-661.6196608628917
1,185,-0.8713010875190443,-661.6194006287858
1,186,-0.8590292412159592,-661.6190910448988
1,187,-0.8467573949128737,-661.6187325359735
1,188,-0.8344855486097886,-661.6183255951889
1,189,-0.8222137023067035,-661.6178707836982
1,190,-0.8099418560036185,-661.6173687300301
1,191,-0.7976700097005334,-661.6168201296804
1,192,-0.7853981633974483,-661.6162257442683
1,193,-0.7731263170943632,-661.6155864007756
1,194,-0.7608544707912781,-661.6149029906467
1,195,-0.748582624488193,-661.6141764688929
1,196,-0.7363107781851079,-661.61340785273
1,197,-0.7240389318820228,-661.6125982206813
1,198,-0.7117670855789373,-661.6117487109992
1,199,-0.6994952392758522,-661.6108605203859
1,200,-0.6872233929727671,-661.6099349024429
1,201,-0.674951546669682,-661.6089731660378
1,202,-0.662679700366597,-661.6079766735357
1,203,-0.6504078540635119,-661.6069468390856
1,204,-0.6381360077604268,-661.6058851264963
1,205,-0.6258641614573417,-661.6047930474422
1,206,-0.6135923151542566,-661.6036721591765
1,207,-0.6013204688511715,-661.6025240623001
1,208,-0.589048622548086,-661.6013503986663
1,209,-0.5767767762450009,-661.6001528486873
1,210,-0.5645049299419158,-661.5989331291838
1,211,-0.5522330836388307,-661.5976929906099
1,212,-0.5399612373357456,-661.5964342144674
1,213,-0.5276893910326605,-661.5951586107768
1,214,-0.5154175447295755,-661.5938680151088
1,215,-0.5031456984264904,-661.5925642859742
1,216,-0.4908738521234053,-661.5912493018292
1,217,-0.4786020058203202,-661.5899249582462
1,218,-0.4663301595172351,-661.5885931649749
1,219,-0.4540583132141496,-661.5872558429213
1,220,-0.4417864669110645,-661.5859149212096
1,221,-0.4295146206079794,-661.5845723340792
1,222,-0.4172427743048943,-661.5832300179743
1,223,-0.4049709280018092,-661.5818899083863
1,224,-0.39269908169872414,-661.5805539368882
1,225,-0.38042723539563905,-661.5792240280326
1,226,-0.36815538909255396,-661.5779020963853
1,227,-0.3558835427894689,-661.5765900435325
1,228,-0.3436116964863838,-661.5752897550327
1,229,-0.3313398501832987,-661.5740030975054
1,230,-0.31906800388021317,-661.5727319157737
1,231,-0.3067961575771281,-661.5714780298986
1,232,-0.294524311274043,-661.5702432324026
1,233,-0.2822524649709579,-661.5690292855498
1,234,-0.2699806186678728,-661.5678379186236
1,235,-0.25770877236478773,-661.5666708252608
1,236,-0.24543692606170264,-661.5655296608932
1,237,-0.23316507975861755,-661.5644160402989
1,238,-0.22089323345553247,-661.5633315351804
1,239,-0.20862138715244738,-661.5622776718516
1,240,-0.1963495408493623,-661.5612559289792
1,241,-0.18407769454627676,-661.5602677354601
1,242,-0.17180584824319167,-661.5593144684085
1,243,-0.15953400194010658,-661.5583974512227
1,244,-0.1472621556370215,-661.5575179516813
1,245,-0.1349903093339364,-661.5566771803374
1,246,-0.12271846303085132,-661.555876288722
1,247,-0.11044661672776623,-661.5551163680664
1,248,-0.09817477042468115,-661.5543984477501
1,249,-0.08590292412159606,-661.5537234940222
1,250,-0.07363107781851097,-661.5530924088857
1,251,-0.06135923151542544,-661.552506029118
1,252,-0.04908738521234035,-661.5519651251823
1,253,-0.03681553890925526,-661.5514704005201
1,254,-0.024543692606170175,-661.5510224908437
1,255,-0.012271846303085088,-661.550621963538
1,256,0.0,-661.5502693171426
1,257,0.012271846303085088,-661.5499649810804
1,258,0.024543692606170175,-661.5497093154396
1,259,0.03681553890925526,-661.5495026106476
1,260,0.04908738521234035,-661.5493450877422
1,261,0.06135923151542544,-661.5492368981548
1,262,0.07363107781851097,-661.5491781240912
1,263,0.08590292412159606,-661.5491687788033
1,264,0.09817477042468115,-661.549208806834
1,265,0.11044661672776623,-661.549298084644
1,266,0.12271846303085132,-661.5494364211547
1,267,0.1349903093339364,-661.5496235583205
1,268,0.1472621556370215,-661.5498591719995
1,269,0.15953400194010658,-661.5501428726335
1,270,0.17180584824319167,-661.5504742062822
1,271,0.18407769454627676,-661.550852655548
1,272,0.1963495408493623,-661.551277640611
1,273,0.20862138715244738,-661.5517485203709
1,274,0.22089323345553247,-661.5522645936173
1,275,0.23316507975861755,-661.5528251002276
1,276,0.24543692606170264,-661.553429222581
1,277,0.25770877236478773,-661.554076086784
1,278,0.2699806186678728,-661.5547647641663
1,279,0.2822524649709579,-661.5554942726147
1,280,0.294524311274043,-661.5562635782054
1,281,0.3067961575771281,-661.5570715966732
1,282,0.31906800388021317,-661.5579171949908
1,283,0.3313398501832987,-661.5587991929456
1,284,0.3436116964863838,-661.5597163648824
1,285,0.3558835427894689,-661.560667441227
1,286,0.36815538909255396,-661.561651110336
1,287,0.38042723539563905,-661.5626660202388
1,288,0.39269908169872414,-661.5637107801889
1,289,0.4049709280018092,-661.5647839627584
1,290,0.4172427743048943,-661.5658841053626
1,291,0.4295146206079794,-661.567009712246
1,292,0.4417864669110645,-661.5681592563327
1,293,0.4540583132141496,-661.5693311809955
1,294,0.4663301595172351,-661.5705239020691
1,295,0.4786020058203202,-661.571735809619
1,296,0.4908738521234053,-661.5729652699825
1,297,0.5031456984264904,-661.5742106276732
1,298,0.5154175447295755,-661.575470207259
1,299,0.5276893910326605,-661.5767423154023
1,300,0.5399612373357456,-661.578025242847
1,301,0.5522330836388307,-661.5793172664054
1,302,0.5645049299419158,-661.5806166509429
1,303,0.5767767762450009,-661.5819216514208
1,304,0.589048622548086,-661.5832305149087
1,305,0.6013204688511715,-661.5845414826803
1,306,0.6135923151542566,-661.5858527922541
1,307,0.6258641614573417,-661.5871626794342
1,308,0.6381360077604268,-661.5884693804605
1,309,0.6504078540635119,-661.5897711339668
1,310,0.662679700366597,-661.5910661832407
1,311,0.674951546669682,-661.5923527782635
1,312,0.6872233929727671,-661.5936291777786
1,313,0.6994952392758522,-661.5948936514409
1,314,0.7117670855789373,-661.5961444819671
1,315,0.7240389318820228,-661.5973799671493
1,316,0.7363107781851079,-661.5985984221669
1,317,0.748582624488193,-661.5997981814655
1,318,0.7608544707912781,-661.600977601015
1,319,0.7731263170943632,-661.6021350603769
1,320,0.7853981633974483,-661.6032689647467
1,321,0.7976700097005334,-661.604377747102
1,322,0.8099418560036185,-661.6054598701902
1,323,0.8222137023067035,-661.6065138285412
1,324,0.8344855486097886,-661.6075381505905
1,325,0.8467573949128737,-661.6085314005292
1,326,0.8590292412159588,-661.6094921803181
1,327,0.8713010875190443,-661.6104191316191
1,328,0.883572933822129,-661.6113109376731
1,329,0.8958447801252145,-661.6121663250691
1,330,0.9081166264282992,-661.6129840656482
1,331,0.9203884727313847,-661.6137629781643
1,332,0.9326603190344702,-661.6145019300523
1,333,0.9449321653375549,-661.6151998390062
1,334,0.9572040116406404,-661.61585567464
1,335,0.969475857943725,-661.6164684600103
1,336,0.9817477042468106,-661.6170372730595
1,337,0.9940195505498952,-661.6175612480571
1,338,1.0062913968529807,-661.6180395769339
1,339,1.0185632431560654,-661.6184715105877
1,340,1.030835089459151,-661.6188563600533
1,341,1.0431069357622356,-661.6191934977545
1,342,1.055378782065321,-661.6194823584293
1,343,1.0676506283684066,-661.619722440218
1,344,1.0799224746714913,-661.6199133056158
1,345,1.0921943209745768,-661.6200545822624
1,346,1.1044661672776614,-661.6201459637301
1,347,1.116738013580747,-661.6201872102324
1,348,1.1290098598838316,-661.6201781492217
1,349,1.1412817061869172,-661.6201186759071
1,350,1.1535535524900018,-661.6200087537708
1,351,1.1658253987930873,-661.6198484148679
1,352,1.178097245096172,-661.6196377600983
1,353,1.1903690913992575,-661.6193769594512
1,354,1.202640937702343,-661.6190662520878
1,355,1.2149127840054277,-661.618705946313
1,356,1.2271846303085132,-661.6182964195488
1,357,1.2394564766115979,-661.6178381181705
1,358,1.2517283229146834,-661.6173315571813
1,359,1.264000169217768,-661.6167773199384
1,360,1.2762720155208536,-661.616176057556
1,361,1.2885438618239382,-661.6155284884965
1,362,1.3008157081270237,-661.6148353978898
1,363,1.3130875544301093,-661.6140976366634
1,364,1.325359400733194,-661.6133161208068
1,365,1.3376312470362794,-661.6124918303109
1,366,1.349903093339364,-661.6116258081881
1,367,1.3621749396424496,-661.610719159248
1,368,1.3744467859455343,-661.6097730488182
1,369,1.3867186322486198,-661.608788701411
1,370,1.3989904785517044,-661.6077673991181
1,371,1.41126232485479,-661.6067104801683
1,372,1.4235341711578746,-661.6056193371314
1,373,1.4358060174609601,-661.6044954150683
1,374,1.4480778637640457,-661.6033402097614
1,375,1.4603497100671303,-661.6021552655659
1,376,1.4726215563702159,-661.6009421734227
1,377,1.4848934026733005,-661.5997025685184
1,378,1.497165248976386,-661.5984381281356
1,379,1.5094370952794707,-661.5971505690679
1,380,1.5217089415825562,-661.5958416453068
1,381,1.5339807878856409,-661.5945131454023
1,382,1.5462526341887264,-661.5931668897962
1,383,1.558524480491811,-661.5918047281008
1,384,1.5707963267948966,-661.5904285363234
1,385,1.583068173097982,-661.5890402140095
1,386,1.5953400194010667,-661.5876416813031
1,387,1.6076118657041523,-661.5862348758999
1,388,1.619883712007237,-661.5848217501353
1,389,1.6321555583103224,-661.5834042678821
1,390,1.644427404613407,-661.5819844013672
1,391,1.6566992509164926,-661.5805641281783
1,392,1.6689710972195773,-661.5791454279434
1,393,1.6812429435226628,-661.5777302793116
1,394,1.6935147898257474,-661.576320656768
1,395,1.705786636128833,-661.5749185273422
1,396,1.7180584824319185,-661.5735258476145
1,397,1.7303303287350031,-661.5721445604235
1,398,1.7426021750380887,-661.5707765918999
1,399,1.7548740213411733,-661.5694238482013
1,400,1.7671458676442588,-661.5680882126823
1,401,1.7794177139473435,-661.566771542683
1,402,1.791689560250429,-661.5654756667273
1,403,1.8039614065535137,-661.5642023815825
1,404,1.8162332528565992,-661.5629534494586
1,405,1.8285050991596838,-661.5617305952578
1,406,1.8407769454627694,-661.560535503882
1,407,1.853048791765855,-661.5593698177015
1,408,1.8653206380689396,-661.5582351340521
1,409,1.877592484372025,-661.5571330028126
1,410,1.8898643306751097,-661.5560649241739
1,411,1.9021361769781953,-661.5550323463261
1,412,1.91440802328128,-661.5540366635535
1,413,1.9266798695843654,-661.5530792141661
1,414,1.93895171588745,-661.5521612786233
1,415,1.9512235621905356,-661.5512840778998
1,416,1.9634954084936211,-661.5504487717723
1,417,1.9757672547967058,-661.5496564574034
1,418,1.9880391010997913,-661.5489081679557
1,419,2.000310947402876,-661.5482048713104
1,420,2.0125827937059615,-661.5475474690355
1,421,2.024854640009046,-661.5469367953503
1,422,2.0371264863121317,-661.5463736162554
1,423,2.0493983326152163,-661.5458586287706
1,424,2.061670178918302,-661.5453924604446
1,425,2.0739420252213865,-661.5449756687028
1,426,2.086213871524472,-661.5446087406017
1,427,2.0984857178275576,-661.5442920925301
1,428,2.110757564130642,-661.5440260700452
1,429,2.1230294104337277,-661.5438109479551
1,430,2.1353012567368124,-661.543646930236
1,431,2.147573103039898,-661.5435341504689
1,432,2.1598449493429825,-661.5434726718928
1,433,2.172116795646068,-661.5434624880043
1,434,2.1843886419491527,-661.5435035229924
1,435,2.1966604882522383,-661.5435956322559
1,436,2.208932334555323,-661.5437386032467
1,437,2.2212041808584084,-661.5439321560955
1,438,2.233476027161494,-661.5441759445375
1,439,2.2457478734645786,-661.5444695568101
1,440,2.258019719767664,-661.5448125167139
1,441,2.270291566070749,-661.5452042845928
1,442,2.2825634123738343,-661.545644258531
1,443,2.294835258676919,-661.5461317754684
1,444,2.3071071049800045,-661.5466661126163
1,445,2.319378951283089,-661.5472464885726
1,446,2.3316507975861747,-661.5478720648183
1,447,2.3439226438892593,-661.5485419469969
1,448,2.356194490192345,-661.549255186465
1,449,2.3684663364954304,-661.5500107816803
1,450,2.380738182798515,-661.5508076798069
1,451,2.3930100291016005,-661.5516447782126
1,452,2.405281875404685,-661.5525209260459
1,453,2.4175537217077707,-661.5534349258699
1,454,2.4298255680108554,-661.5543855352398
1,455,2.442097414313941,-661.5553714684994
1,456,2.4543692606170255,-661.5563913983316
1,457,2.466641106920111,-661.5574439575003
1,458,2.4789129532231957,-661.5585277405918
1,459,2.4911847995262812,-661.5596413057566
1,460,2.5034566458293668,-661.5607831764773
1,461,2.5157284921324514,-661.5619518433385
1,462,2.528000338435537,-661.5631457657948
1,463,2.5402721847386216,-661.5643633740758
1,464,2.552544031041707,-661.565603070873
1,465,2.5648158773447918,-661.5668632332993
1,466,2.5770877236478773,-661.5681422147122
1,467,2.589359569950962,-661.5694383466183
1,468,2.6016314162540475,-661.5707499404423
1,469,2.613903262557132,-661.5720752896219
1,470,2.6261751088602177,-661.5734126713774
1,471,2.638446955163303,-661.5747603486697
1,472,2.650718801466388,-661.5761165722419
1,473,2.6629906477694734,-661.5774795824699
1,474,2.675262494072558,-661.5788476114573
1,475,2.6875343403756435,-661.5802188848581
1,476,2.699806186678728,-661.5815916241364
1,477,2.7120780329818137,-661.582964048334
1,478,2.7243498792848984,-661.5843343762754
1,479,2.736621725587984,-661.5857008284715
1,480,2.7488935718910685,-661.58706162938
1,481,2.761165418194154,-661.5884150092536
1,482,2.7734372644972396,-661.5897592063184
1,483,2.7857091108003242,-661.5910924688957
1,484,2.7979809571034098,-661.5924130573345
1,485,2.8102528034064944,-661.5937192462696
1,486,2.82252464970958,-661.5950093266356
1,487,2.8347964960126646,-661.59628160768
1,488,2.84706834231575,-661.5975344191409
1,489,2.8593401886188348,-661.5987661132871
1,490,2.8716120349219203,-661.5999750669594
1,491,2.883883881225006,-661.601159683693
1,492,2.8961557275280905,-661.6023183955951
1,493,2.908427573831176,-661.603449665549
1,494,2.9206994201342606,-661.6045519890641
1,495,2.932971266437346,-661.6056238963175
1,496,2.945243112740431,-661.6066639540584
1,497,2.9575149590435164,-661.6076707675127
1,498,2.969786805346601,-661.6086429823424
1,499,2.9820586516496865,-661.60957928636
1,500,2.994330497952771,-661.6104784114063
1,501,3.0066023442558567,-661.6113391350367
1,502,3.0188741905589422,-661.6121602823727
1,503,3.031146036862027,-661.61294072757
1,504,3.0434178831651124,-661.6136793955615
1,505,3.055689729468197,-661.6143752636071
1,506,3.0679615757712826,-661.6150273627366
1,507,3.0802334220743672,-661.6156347792188
1,508,3.0925052683774528,-661.6161966559768
1,509,3.1047771146805374,-661.616712193812
1,510,3.117048960983623,-661.6171806527925
1,511,3.1293208072867076,-661.617601353341
2,0,-3.141592653589793,-629.1482284829084
2,1,-3.129320807286708,-629.1482250296202
2,2,-3.117048960983623,-629.1482216030265
2,3,-3.104777114680538,-629.1482182109095
2,4,-3.0925052683774528,-629.1482148617321
2,5,-3.0802334220743677,-629.1482115647732
2,6,-3.067961575771282,-629.1482083298837
2,7,-3.055689729468197,-629.148205167594
2,8,-3.043417883165112,-629.1482020891427
2,9,-3.031146036862027,-629.1481991063393
2,10,-3.018874190558942,-629.1481962317285
2,11,-3.0066023442558567,-629.1481934783172
2,12,-2.9943304979527716,-629.1481908599015
2,13,-2.9820586516496865,-629.1481883907131
2,14,-2.9697868053466014,-629.1481860857455
2,15,-2.9575149590435164,-629.1481839604273
2,16,-2.945243112740431,-629.1481820308952
2,17,-2.9329712664373457,-629.1481803138296
2,18,-2.9206994201342606,-629.1481788265095
2,19,-2.9084275738311756,-629.1481775868132
2,20,-2.8961557275280905,-629.1481766131626
2,21,-2.8838838812250054,-629.1481759246874
2,22,-2.8716120349219203,-629.148175541034
2,23,-2.859340188618835,-629.1481754825567
2,24,-2.84706834231575,-629.1481757701811
2,25,-2.834796496012665,-629.1481764255674
2,26,-2.82252464970958,-629.1481774710015
2,27,-2.8102528034064944,-629.1481789294775
2,28,-2.7979809571034093,-629.148180824805
2,29,-2.7857091108003242,-629.148183181447
2,30,-2.773437264497239,-629.1481860247648
2,31,-2.761165418194154,-629.1481893809356
2,32,-2.748893571891069,-629.1481932769801
2,33,-2.736621725587984,-629.148197740872
2,34,-2.724349879284899,-629.1482028016185
2,35,-2.7120780329818137,-629.1482084891519
2,36,-2.6998061866787286,-629.1482148346023
2,37,-2.6875343403756435,-629.1482218701606
2,38,-2.675262494072558,-629.1482296292969
2,39,-2.662990647769473,-629.1482381467329
2,40,-2.650718801466388,-629.1482474585237
2,41,-2.6384469551633027,-629.1482576021939
2,42,-2.6261751088602177,-629.1482686167099
2,43,-2.6139032625571326,-629.1482805426713
2,44,-2.6016314162540475,-629.1482934223102
2,45,-2.5893595699509624,-629.1483072996002
2,46,-2.5770877236478773,-629.1483222203652
2,47,-2.5648158773447918,-629.1483382323069
2,48,-2.552544031041707,-629.1483553851946
2,49,-2.5402721847386216,-629.1483737308391
2,50,-2.5280003384355365,-629.1483933232821
2,51,-2.5157284921324514,-629.1484142187423
2,52,-2.5034566458293663,-629.1484364759419
2,53,-2.4911847995262812,-629.1484601559705
2,54,-2.478912953223196,-629.1484853225028
2,55,-2.466641106920111,-629.1485120417983
2,56,-2.454369260617026,-629.1485403828652
2,57,-2.442097414313941,-629.1485704175145
2,58,-2.4298255680108554,-629.1486022204411
2,59,-2.4175537217077707,-629.1486358692795
2,60,-2.405281875404685,-629.1486714447112
2,61,-2.3930100291016,-629.1487090305201
2,62,-2.380738182798515,-629.1487487136193
2,63,-2.36846633649543,-629.1487905842147
2,64,-2.356194490192345,-629.148834735723
2,65,-2.3439226438892597,-629.1488812649076
2,66,-2.3316507975861747,-629.148930271934
2,67,-2.3193789512830896,-629.1489818602869
2,68,-2.3071071049800045,-629.1490361369614
2,69,-2.294835258676919,-629.1490932123543
2,70,-2.2825634123738343,-629.1491532002906
2,71,-2.270291566070749,-629.1492162181061
2,72,-2.2580197197676637,-629.1492823865101
2,73,-2.2457478734645786,-629.1493518296958
2,74,-2.2334760271614935,-629.1494246752025
2,75,-2.2212041808584084,-629.1495010539173
2,76,-2.2089323345553233,-629.1495811000741
2,77,-2.1966604882522383,-629.1496649510628
2,78,-2.184388641949153,-629.149752747512
2,79,-2.172116795646068,-629.1498446330708
2,80,-2.1598449493429825,-629.1499407543538
2,81,-2.147573103039898,-629.1500412608607
2,82,-2.1353012567368124,-629.1501463047573
2,83,-2.1230294104337273,-629.1502560408221
2,84,-2.110757564130642,-629.1503706263097
2,85,-2.098485717827557,-629.1504902206243
2,86,-2.086213871524472,-629.1506149853474
2,87,-2.073942025221387,-629.1507450838558
2,88,-2.061670178918302,-629.1508806812411
2,89,-2.0493983326152163,-629.1510219439555
2,90,-2.0371264863121317,-629.1511690397568
2,91,-2.024854640009046,-629.1513221372202
2,92,-2.0125827937059615,-629.1514814056543
2,93,-2.000310947402876,-629.1516470147225
2,94,-1.9880391010997909,-629.151819134142
2,95,-1.9757672547967058,-629.1519979334125
2,96,-1.9634954084936207,-629.1521835814898
2,97,-1.9512235621905356,-629.1523762464038
2,98,-1.9389517158874505,-629.1525760949334
2,99,-1.9266798695843652,-629.1527832922244
2,100,-1.9144080232812801,-629.152998001409
2,101,-1.902136176978195,-629.1532203832794
2,102,-1.88986433067511,-629.1534505958248
2,103,-1.8775924843720249,-629.1536887938236
2,104,-1.8653206380689396,-629.1539351284622
2,105,-1.8530487917658545,-629.1541897469272
2,106,-1.8407769454627694,-629.1544527918877
2,107,-1.8285050991596843,-629.1547244011693
2,108,-1.8162332528565992,-629.1550047072647
2,109,-1.8039614065535141,-629.1552938368967
2,110,-1.7916895602504288,-629.1555919105305
2,111,-1.7794177139473437,-629.1558990420729
2,112,-1.7671458676442586,-629.156215338274
2,113,-1.7548740213411735,-629.1565408983467
2,114,-1.7426021750380885,-629.156875813558
2,115,-1.7303303287350031,-629.1572201667936
2,116,-1.718058482431918,-629.1575740320959
2,117,-1.705786636128833,-629.1579374743367
2,118,-1.6935147898257479,-629.158310548728
2,119,-1.6812429435226628,-629.1586933004951
2,120,-1.6689710972195777,-629.1590857644685
2,121,-1.6566992509164924,-629.1594879647574
2,122,-1.6444274046134073,-629.1598999143963
2,123,-1.6321555583103222,-629.1603216150722
2,124,-1.6198837120072371,-629.1607530566897
2,125,-1.607611865704152,-629.1611942172619
2,126,-1.5953400194010667,-629.1616450626113
2,127,-1.5830681730979816,-629.1621055460434
2,128,-1.5707963267948966,-629.1625756082644
2,129,-1.5585244804918115,-629.1630551772186
2,130,-1.5462526341887264,-629.1635441678429
2,131,-1.533980787885641,-629.164042482068
2,132,-1.521708941582556,-629.1645500086262
2,133,-1.509437095279471,-629.1650666231071
2,134,-1.4971652489763858,-629.1655921879844
2,135,-1.4848934026733007,-629.1661265524526
2,136,-1.4726215563702154,-629.1666695526446
2,137,-1.4603497100671303,-629.1672210117138
2,138,-1.4480778637640452,-629.1677807398879
2,139,-1.4358060174609601,-629.168348534687
2,140,-1.423534171157875,-629.168924181141
2,141,-1.41126232485479,-629.1695074519806
2,142,-1.3989904785517047,-629.1700981078817
2,143,-1.3867186322486196,-629.1706958978733
2,144,-1.3744467859455345,-629.1713005596381
2,145,-1.3621749396424494,-629.1719118198102
2,146,-1.3499030933393643,-629.1725293944935
2,147,-1.337631247036279,-629.1731529896142
2,148,-1.325359400733194,-629.173782301439
2,149,-1.3130875544301088,-629.1744170170914
2,150,-1.3008157081270237,-629.1750568150144
2,151,-1.2885438618239387,-629.1757013655149
2,152,-1.2762720155208536,-629.1763503314438
2,153,-1.2640001692177683,-629.177003368713
2,154,-1.2517283229146832,-629.1776601268672
2,155,-1.239456476611598,-629.1783202498725
2,156,-1.227184630308513,-629.1789833765796
2,157,-1.214912784005428,-629.1796491415938
2,158,-1.2026409377023426,-629.1803171757382
2,159,-1.1903690913992575,-629.1809871069246
2,160,-1.1780972450961724,-629.1816585607512
2,161,-1.1658253987930873,-629.1823311612384
2,162,-1.1535535524900022,-629.183004531454
2,163,-1.1412817061869172,-629.1836782943844
2,164,-1.129009859883832,-629.1843520734241
2,165,-1.116738013580747,-629.1850254932189
2,166,-1.1044661672776614,-629.18569818032
2,167,-1.0921943209745764,-629.1863697638088
2,168,-1.0799224746714913,-629.1870398760052
2,169,-1.0676506283684062,-629.1877081531202
2,170,-1.055378782065321,-629.1883742358544
2,171,-1.043106935762236,-629.1890377700793
2,172,-1.030835089459151,-629.1896984073254
2,173,-1.0185632431560658,-629.1903558054914
2,174,-1.0062913968529807,-629.1910096291969
2,175,-0.9940195505498957,-629.191659550572
2,176,-0.9817477042468106,-629.1923052494745
2,177,-0.969475857943725,-629.1929464141439
2,178,-0.95720401164064,-629.1935827415539
2,179,-0.9449321653375549,-629.1942139378216
2,180,-0.9326603190344698,-629.1948397185881
2,181,-0.9203884727313847,-629.1954598093994
2,182,-0.9081166264282996,-629.1960739459239
2,183,-0.8958447801252145,-629.1966818742795
2,184,-0.8835729338221294,-629.1972833512508
2,185,-0.8713010875190443,-629.1978781444798
2,186,-0.8590292412159592,-629.1984660326564
2,187,-0.8467573949128737,-629.1990468056267
2,188,-0.8344855486097886,-629.1996202644758
2,189,-0.8222137023067035,-629.2001862216083
2,190,-0.8099418560036185,-629.2007445008305
2,191,-0.7976700097005334,-629.2012949371868
2,192,-0.7853981633974483,-629.2018373770694
2,193,-0.7731263170943632,-629.2023716780806
2,194,-0.7608544707912781,-629.2028977089528
2,195,-0.748582624488193,-629.2034153493846
2,196,-0.7363107781851079,-629.2039244899318
2,197,-0.7240389318820228,-629.2044250317625
2,198,-0.7117670855789373,-629.2049168864943
2,199,-0.6994952392758522,-629.2053999759215
2,200,-0.6872233929727671,-629.205874231798
2,201,-0.674951546669682,-629.2063395955106
2,202,-0.662679700366597,-629.2067960178065
2,203,-0.6504078540635119,-629.2072434584944
2,204,-0.6381360077604268,-629.2076818860368
2,205,-0.6258641614573417,-629.2081112773307
2,206,-0.6135923151542566,-629.2085316172468
2,207,-0.6013204688511715,-629.2089428982475
2,208,-0.589048622548086,-629.2093451201423
2,209,-0.5767767762450009,-629.2097382895437
2,210,-0.5645049299419158,-629.2101224195674
2,211,-0.5522330836388307,-629.2104975294247
2,212,-0.5399612373357456,-629.2108636440687
2,213,-0.5276893910326605,-629.2112207936764
2,214,-0.5154175447295755,-629.2115690134051
2,215,-0.5031456984264904,-629.2119083428203
2,216,-0.4908738521234053,-629.2122388257593
2,217,-0.4786020058203202,-629.2125605096788
2,218,-0.4663301595172351,-629.2128734454915
2,219,-0.4540583132141496,-629.2131776870486
2,220,-0.4417864669110645,-629.2134732908409
2,221,-0.4295146206079794,-629.2137603157266
2,222,-0.4172427743048943,-629.2140388223874
2,223,-0.4049709280018092,-629.2143088732457
2,224,-0.39269908169872414,-629.2145705319494
2,225,-0.38042723539563905,-629.2148238631797
2,226,-0.36815538909255396,-629.2150689322984
2,227,-0.3558835427894689,-629.2153058051027
2,228,-0.3436116964863838,-629.215534547553
2,229,-0.3313398501832987,-629.2157552255552
2,230,-0.31906800388021317,-629.2159679046343
2,231,-0.3067961575771281,-629.2161726498257
2,232,-0.294524311274043,-629.2163695253481
2,233,-0.2822524649709579,-629.2165585945496
2,234,-0.2699806186678728,-629.2167399195538
2,235,-0.25770877236478773,-629.21691356126
2,236,-0.24543692606170264,-629.2170795790704
2,237,-0.23316507975861755,-629.2172380308091
2,238,-0.22089323345553247,-629.2173889725591
2,239,-0.20862138715244738,-629.217532458607
2,240,-0.1963495408493623,-629.2176685412259
2,241,-0.18407769454627676,-629.2177972707021
2,242,-0.17180584824319167,-629.2179186951457
2,243,-0.15953400194010658,-629.2180328604624
2,244,-0.1472621556370215,-629.2181398102989
2,245,-0.1349903093339364,-629.2182395859624
2,246,-0.12271846303085132,-629.218332226365
2,247,-0.11044661672776623,-629.2184177680515
2,248,-0.09817477042468115,-629.2184962449819
2,249,-0.08590292412159606,-629.2185676886942
2,250,-0.07363107781851097,-629.2186321282228
2,251,-0.06135923151542544,-629.2186895899902
2,252,-0.04908738521234035,-629.2187400978877
2,253,-0.03681553890925526,-629.2187836731949
2,254,-0.024543692606170175,-629.2188203346329
2,255,-0.012271846303085088,-629.2188500983112
2,256,0.0,-629.2188729776991
2,257,0.012271846303085088,-629.2188889837358
2,258,0.024543692606170175,-629.2188981246119
2,259,0.03681553890925526,-629.2189004060145
2,260,0.04908738521234035,-629.2188958309914
2,261,0.06135923151542544,-629.2188843998962
2,262,0.07363107781851097,-629.2188661105793
2,263,0.08590292412159606,-629.218840958197
2,264,0.09817477042468115,-629.2188089353479
2,265,0.11044661672776623,-629.2187700319909
2,266,0.12271846303085132,-629.2187242354727
2,267,0.1349903093339364,-629.2186715306095
2,268,0.1472621556370215,-629.2186118995777
2,269,0.15953400194010658,-629.2185453220503
2,270,0.17180584824319167,-629.2184717750612
2,271,0.18407769454627676,-629.2183912331947
2,272,0.1963495408493623,-629.2183036684504
2,273,0.20862138715244738,-629.2182090503787
2,274,0.22089323345553247,-629.2181073460266
2,275,0.23316507975861755,-629.2179985200466
2,276,0.24543692606170264,-629.2178825346693
2,277,0.25770877236478773,-629.217759349785
2,278,0.2699806186678728,-629.2176289229985
2,279,0.2822524649709579,-629.2174912096557
2,280,0.294524311274043,-629.2173461629533
2,281,0.3067961575771281,-629.2171937339377
2,282,0.31906800388021317,-629.217033871724
2,283,0.3313398501832987,-629.21686652344
2,284,0.3436116964863838,-629.2166916343912
2,285,0.3558835427894689,-629.2165091482226
2,286,0.36815538909255396,-629.2163190070013
2,287,0.38042723539563905,-629.2161211512977
2,288,0.39269908169872414,-629.2159155204573
2,289,0.4049709280018092,-629.2157020526834
2,290,0.4172427743048943,-629.215480685199
2,291,0.4295146206079794,-629.2152513545202
2,292,0.4417864669110645,-629.2150139965369
2,293,0.4540583132141496,-629.2147685468941
2,294,0.4663301595172351,-629.2145149410193
2,295,0.4786020058203202,-629.2142531145847
2,296,0.4908738521234053,-629.2139830035619
2,297,0.5031456984264904,-629.21370454463
2,298,0.5154175447295755,-629.2134176754479
2,299,0.5276893910326605,-629.213122334844
2,300,0.5399612373357456,-629.2128184633074
2,301,0.5522330836388307,-629.2125060031498
2,302,0.5645049299419158,-629.2121848989143
2,303,0.5767767762450009,-629.2118550977021
2,304,0.589048622548086,-629.2115165495259
2,305,0.6013204688511715,-629.2111692076909
2,306,0.6135923151542566,-629.2108130292031
2,307,0.6258641614573417,-629.210447974987
2,308,0.6381360077604268,-629.2100740105113
2,309,0.6504078540635119,-629.2096911059796
2,310,0.662679700366597,-629.2092992367926
2,311,0.674951546669682,-629.2088983839569
2,312,0.6872233929727671,-629.208488534493
2,313,0.6994952392758522,-629.2080696817608
2,314,0.7117670855789373,-629.2076418259236
2,315,0.7240389318820228,-629.2072049743017
2,316,0.7363107781851079,-629.2067591416704
2,317,0.748582624488193,-629.206304350806
2,318,0.7608544707912781,-629.2058406327566
2,319,0.7731263170943632,-629.2053680270874
2,320,0.7853981633974483,-629.2048865824523
2,321,0.7976700097005334,-629.2043963566758
2,322,0.8099418560036185,-629.2038974172148
2,323,0.8222137023067035,-629.2033898413767
2,324,0.8344855486097886,-629.2028737166736
2,325,0.8467573949128737,-629.2023491409029
2,326,0.8590292412159588,-629.2018162225567
2,327,0.8713010875190443,-629.2012750809024
2,328,0.883572933822129,-629.2007258461736
2,329,0.8958447801252145,-629.2001686597606
2,330,0.9081166264282992,-629.1996036742379
2,331,0.9203884727313847,-629.199031053581
2,332,0.9326603190344702,-629.198450973086
2,333,0.9449321653375549,-629.1978636194772
2,334,0.9572040116406404,-629.1972691908808
2,335,0.969475857943725,-629.19666789677
2,336,0.9817477042468106,-629.1960599578292
2,337,0.9940195505498952,-629.1954456060082
2,338,1.0062913968529807,-629.1948250841958
2,339,1.0185632431560654,-629.1941986461111
2,340,1.030835089459151,-629.1935665561398
2,341,1.0431069357622356,-629.1929290889536
2,342,1.055378782065321,-629.1922865293469
2,343,1.0676506283684066,-629.1916391718287
2,344,1.0799224746714913,-629.1909873203228
2,345,1.0921943209745768,-629.1903312877603
2,346,1.1044661672776614,-629.1896713956708
2,347,1.116738013580747,-629.1890079736658
2,348,1.1290098598838316,-629.1883413590576
2,349,1.1412817061869172,-629.1876718962882
2,350,1.1535535524900018,-629.1869999364114
2,351,1.1658253987930873,-629.1863258365224
2,352,1.178097245096172,-629.1856499591312
2,353,1.1903690913992575,-629.1849726716732
2,354,1.202640937702343,-629.1842943457742
2,355,1.2149127840054277,-629.1836153565978
2,356,1.2271846303085132,-629.1829360823003
2,357,1.2394564766115979,-629.1822569031884
2,358,1.2517283229146834,-629.1815782012281
2,359,1.264000169217768,-629.1809003591204
2,360,1.2762720155208536,-629.180223759784
2,361,1.2885438618239382,-629.1795487855932
2,362,1.3008157081270237,-629.1788758176434
2,363,1.3130875544301093,-629.1782052350437
2,364,1.325359400733194,-629.1775374142637
2,365,1.3376312470362794,-629.176872728317
2,366,1.349903093339364,-629.1762115462445
2,367,1.3621749396424496,-629.1755542322434
2,368,1.3744467859455343,-629.1749011451501
2,369,1.3867186322486198,-629.1742526376787
2,370,1.3989904785517044,-629.1736090558219
2,371,1.41126232485479,-629.1729707382799
2,372,1.4235341711578746,-629.17233801578
2,373,1.4358060174609601,-629.1717112104775
2,374,1.4480778637640457,-629.1710906355758
2,375,1.4603497100671303,-629.1704765945904
2,376,1.4726215563702159,-629.1698693809963
2,377,1.4848934026733005,-629.1692692776829
2,378,1.497165248976386,-629.1686765565465
2,379,1.5094370952794707,-629.168091478109
2,380,1.5217089415825562,-629.1675142911095
2,381,1.5339807878856409,-629.1669452321511
2,382,1.5462526341887264,-629.1663845254284
2,383,1.558524480491811,-629.1658323825098
2,384,1.5707963267948966,-629.1652890019842
2,385,1.583068173097982,-629.1647545693243
2,386,1.5953400194010667,-629.1642292567782
2,387,1.6076118657041523,-629.1637132231515
2,388,1.619883712007237,-629.1632066138075
2,389,1.6321555583103224,-629.1627095605309
2,390,1.644427404613407,-629.1622221815552
2,391,1.6566992509164926,-629.1617445815626
2,392,1.6689710972195773,-629.1612768517656
2,393,1.6812429435226628,-629.1608190699617
2,394,1.6935147898257474,-629.1603713006145
2,395,1.705786636128833,-629.1599335950991
2,396,1.7180584824319185,-629.1595059917838
2,397,1.7303303287350031,-629.159088516247
2,398,1.7426021750380887,-629.1586811815777
2,399,1.7548740213411733,-629.1582839885102
2,400,1.7671458676442588,-629.157896925861
2,401,1.7794177139473435,-629.1575199706906
2,402,1.791689560250429,-629.1571530887401
2,403,1.8039614065535137,-629.156796234648
2,404,1.8162332528565992,-629.1564493524405
2,405,1.8285050991596838,-629.1561123759124
2,406,1.8407769454627694,-629.1557852288444
2,407,1.853048791765855,-629.1554678256296
2,408,1.8653206380689396,-629.1551600715179
2,409,1.877592484372025,-629.1548618632422
2,410,1.8898643306751097,-629.154573089154
2,411,1.9021361769781953,-629.1542936300133
2,412,1.91440802328128,-629.1540233591508
2,413,1.9266798695843654,-629.1537621430404
2,414,1.93895171588745,-629.1535098418154
2,415,1.9512235621905356,-629.1532663095142
2,416,1.9634954084936211,-629.1530313947324
2,417,1.9757672547967058,-629.1528049410047
2,418,1.9880391010997913,-629.152586787185
2,419,2.000310947402876,-629.1523767679917
2,420,2.0125827937059615,-629.1521747143057
2,421,2.024854640009046,-629.1519804537431
2,422,2.0371264863121317,-629.151793810981
2,423,2.0493983326152163,-629.1516146081111
2,424,2.061670178918302,-629.1514426652391
2,425,2.0739420252213865,-629.15127780062
2,426,2.086213871524472,-629.1511198312573
2,427,2.0984857178275576,-629.1509685730663
2,428,2.110757564130642,-629.1508238414172
2,429,2.1230294104337277,-629.1506854513273
2,430,2.1353012567368124,-629.1505532178406
2,431,2.147573103039898,-629.1504269563554
2,432,2.1598449493429825,-629.1503064829226
2,433,2.172116795646068,-629.1501916144637
2,434,2.1843886419491527,-629.1500821691526
2,435,2.1966604882522383,-629.1499779665776
2,436,2.208932334555323,-629.1498788280144
2,437,2.2212041808584084,-629.1497845766978
2,438,2.233476027161494,-629.1496950379035
2,439,2.2457478734645786,-629.1496100393017
2,440,2.258019719767664,-629.1495294111206
2,441,2.270291566070749,-629.1494529862009
2,442,2.2825634123738343,-629.14938060024
2,443,2.294835258676919,-629.149312091956
2,444,2.3071071049800045,-629.1492473031692
2,445,2.319378951283089,-629.1491860789652
2,446,2.3316507975861747,-629.1491282677491
2,447,2.3439226438892593,-629.1490737213825
2,448,2.356194490192345,-629.1490222952912
2,449,2.3684663364954304,-629.1489738484112
2,450,2.380738182798515,-629.148928243434
2,451,2.3930100291016005,-629.14888534667
2,452,2.405281875404685,-629.1488450282665
2,453,2.4175537217077707,-629.1488071620715
2,454,2.4298255680108554,-629.1487716257698
2,455,2.442097414313941,-629.1487383008287
2,456,2.4543692606170255,-629.1487070725248
2,457,2.466641106920111,-629.1486778299718
2,458,2.4789129532231957,-629.1486504660385
2,459,2.4911847995262812,-629.1486248773216
2,460,2.5034566458293668,-629.1486009642547
2,461,2.5157284921324514,-629.1485786308905
2,462,2.528000338435537,-629.1485577849821
2,463,2.5402721847386216,-629.148538337848
2,464,2.552544031041707,-629.1485202043979
2,465,2.5648158773447918,-629.1485033030792
2,466,2.5770877236478773,-629.1484875557412
2,467,2.589359569950962,-629.1484728875796
2,468,2.6016314162540475,-629.1484592271643
2,469,2.613903262557132,-629.1484465062766
2,470,2.6261751088602177,-629.1484346598268
2,471,2.638446955163303,-629.1484236258547
2,472,2.650718801466388,-629.1484133453384
2,473,2.6629906477694734,-629.1484037623046
2,474,2.675262494072558,-629.1483948234458
2,475,2.6875343403756435,-629.148386478394
2,476,2.699806186678728,-629.1483786793112
2,477,2.7120780329818137,-629.1483713810543
2,478,2.7243498792848984,-629.1483645409008
2,479,2.736621725587984,-629.14835811866
2,480,2.7488935718910685,-629.1483520763717
2,481,2.761165418194154,-629.1483463784434
2,482,2.7734372644972396,-629.1483409914053
2,483,2.7857091108003242,-629.1483358838825
2,484,2.7979809571034098,-629.1483310266228
2,485,2.8102528034064944,-629.1483263921973
2,486,2.82252464970958,-629.148321955163
2,487,2.8347964960126646,-629.1483176918464
2,488,2.84706834231575,-629.1483135803419
2,489,2.8593401886188348,-629.1483096003501
2,490,2.8716120349219203,-629.1483057333129
2,491,2.883883881225006,-629.1483019620869
2,492,2.8961557275280905,-629.1482982711071
2,493,2.908427573831176,-629.1482946462512
2,494,2.9206994201342606,-629.1482910747568
2,495,2.932971266437346,-629.1482875451678
2,496,2.945243112740431,-629.1482840473618
2,497,2.9575149590435164,-629.1482805724133
2,498,2.969786805346601,-629.1482771126489
2,499,2.9820586516496865,-629.1482736615104
2,500,2.994330497952771,-629.1482702135556
2,501,3.0066023442558567,-629.1482667644308
2,502,3.0188741905589422,-629.1482633108161
2,503,3.031146036862027,-629.1482598503713
2,504,3.0434178831651124,-629.1482563818447
2,505,3.055689729468197,-629.148252904801
2,506,3.0679615757712826,-629.1482494197844
2,507,3.0802334220743672,-629.1482459282914
2,508,3.0925052683774528,-629.1482424325534
2,509,3.1047771146805374,-629.1482389357815
2,510,3.117048960983623,-629.1482354419211
2,511,3.1293208072867076,-629.1482319557888
