index,n_atoms,charge,E_before_hartree,E_after_hartree,delta_E_kcalmol,delta_E_kcal_per_atom,max_force_evA,rmsd_A,steps,converged,failure_reason,n_total,n_ok,n_dE,failure_rate,delta_E_kcal_median,delta_E_kcal_mean,delta_E_kcal_p90,delta_E_per_atom_median,delta_E_per_atom_mean,delta_E_per_atom_p90,max_force_evA_median,rmsd_A_median,steps_median,convergence_rate
0,8,0,-9.68807886412,-9.711126145425,14.462387370285285,1.8077984212856606,3.749298880704278,0.3639758049805418,,True,,,,,,,,,,,,,,,
1,65,0,-123.386788767843,-124.351406395951,605.3067004860471,9.312410776708418,26.793856439098995,3.4011250294215354,,False,,,,,,,,,,,,,,,
2,35,0,-42.564301673656,-42.903922015787,213.1149822717578,6.088999493478795,4.623425649060754,2.0205125564656825,,True,,,,,,,,,,,,,,,
3,117,0,-41.144495944258,-92.796753736296,32412.281121253425,277.0280437713968,519.9635898211828,1.2469649295115648,,False,,,,,,,,,,,,,,,
4,55,0,-64.275272371061,-65.556612520811,804.0530834655525,14.619146972100955,4.56321808249603,2.5197285271861567,,False,,,,,,,,,,,,,,,
5,57,0,-92.933671977682,-94.398467746157,919.1732222856015,16.12584600501055,5.249553473792498,2.6305256942065838,,False,,,,,,,,,,,,,,,
6,119,0,-68.184241975632,-96.665273485168,17872.11710332351,150.18585801112195,278.7172513579284,1.455570261468545,,False,,,,,,,,,,,,,,,
7,7,0,-13.841064631536,-13.875747106029,21.763581328309098,3.1090830469012998,5.507545790128015,0.09254246977598933,,True,,,,,,,,,,,,,,,
8,5,0,-19.160900969972,-19.27368095521,70.77050922154116,14.154101844308233,3.840834798094292,0.6464378038606037,,True,,,,,,,,,,,,,,,
9,8,0,-12.443375482972,-12.466804899344,14.702180745199188,1.8377725931498985,4.632968550609141,0.16611144773220238,,True,,,,,,,,,,,,,,,
10,65,0,-69.140769703449,-74.158734013603,3148.820145132143,48.44338684818681,158.35837026862035,0.7979887279535234,,True,,,,,,,,,,,,,,,
11,9,0,-11.366131566778,-11.394339346661,17.700649118869613,1.9667387909855125,4.94583918232222,0.3906742000288174,,True,,,,,,,,,,,,,,,
12,8,0,-8.769123115975,-8.869662885237,63.08965773202265,7.886207216502831,2.6601838624533887,0.5944657846000028,,True,,,,,,,,,,,,,,,
13,18,0,-21.57663779712,-21.626004684177,30.97818933327129,1.7210105185150715,2.253389638226476,1.0105060645579713,,True,,,,,,,,,,,,,,,
14,12,0,-18.99036300933,-19.020518690802,18.922975820508732,1.576914651709061,2.06851808829738,0.2199384342183,,True,,,,,,,,,,,,,,,
15,124,0,-48.888433150247,,,,76.35889234298173,,,False,no_energy_in_xtb_output,,,,,,,,,,,,,,
16,40,0,-67.347218193172,-67.569853153725,139.70554700467764,3.492638675116941,3.5413525423953014,2.535310912871863,,False,,,,,,,,,,,,,,,
17,64,0,-85.858373155289,-87.585406843494,1083.7300013747738,16.93328127148084,18.04165741030105,3.2147180679768796,,False,,,,,,,,,,,,,,,
18,31,0,-57.505507842502,-58.023740105959,325.1956550844328,10.490182422078478,5.95165976569299,2.0362651437486345,,True,,,,,,,,,,,,,,,
19,154,0,-72.060946486833,,,,70.94991919610182,,,False,no_energy_in_xtb_output,,,,,,,,,,,,,,
20,15,0,-15.577205992231,-15.770816219147,121.49225166529567,8.099483444353044,1.7731860121810799,1.022519808670012,,True,,,,,,,,,,,,,,,
21,9,0,-9.371022393501,-9.448190883487,48.4239585653577,5.3804398405953,2.364275205013568,0.33397262954440043,,True,,,,,,,,,,,,,,,
22,21,0,-25.182981255919,-25.26985126147,54.51175149516596,2.5957976902459983,3.077474428400488,0.9379959839690492,,True,,,,,,,,,,,,,,,
23,17,0,-19.090621593427,-19.143499607984,33.181455104165565,1.9518503002450331,4.581432834339341,1.4683112998246641,,True,,,,,,,,,,,,,,,
24,6,0,-7.393553655881,-7.411822527877,11.463890257935931,1.9106483763226552,3.4787603379413516,0.2803361322188518,,True,,,,,,,,,,,,,,,
25,96,0,-95.221400910169,-100.838416884464,3524.730739833887,36.71594520660299,55.34944181925748,0.9150029013640139,,True,,,,,,,,,,,,,,,
26,80,0,,,,,,,,,single_point_failed,,,,,,,,,,,,,,
27,93,0,-95.3781827974,-101.816928999572,4040.3742429507333,43.44488433280358,162.85748788099886,1.2140828901661578,,True,,,,,,,,,,,,,,,
28,14,0,-16.732137199301,-16.819128972252,54.58816169229773,3.8991544065926953,1.7892369382141275,0.6425775662634807,,True,,,,,,,,,,,,,,,
29,70,0,-94.793921643093,-96.694477501084,1192.6168068754728,17.037382955363896,17.504230934076304,2.5413489686962643,,False,,,,,,,,,,,,,,,
30,87,0,-57.485080574181,,,,370.784959423592,,,False,no_energy_in_xtb_output,,,,,,,,,,,,,,
31,42,0,-58.400387258662,-59.092555748082,434.3422847589936,10.34148297045223,4.923539836060847,2.3486072116694783,,False,,,,,,,,,,,,,,,
32,28,0,-34.677217092599,-34.910717491049,146.52371222488236,5.232989722317227,2.0822238643339506,1.035178132717508,,True,,,,,,,,,,,,,,,
33,14,0,-13.612729465248,-13.664176777995,32.28367616382943,2.3059768688449593,2.153677604302525,0.35560744029276403,,True,,,,,,,,,,,,,,,
34,16,0,-18.588418556087,-18.63803318163,31.133647580325928,1.9458529737703705,1.4698665816533676,0.9065133714612529,,True,,,,,,,,,,,,,,,
35,108,0,-40.823031638881,,,,474.33472508689675,,,False,no_energy_in_xtb_output,,,,,,,,,,,,,,
36,33,0,-54.69717017195,-55.504535989343,506.62969944880535,15.352415134812283,6.961831444443428,1.1728029870668397,,True,,,,,,,,,,,,,,,
37,135,0,-71.962320432365,,,,98.40630940732694,,,False,no_energy_in_xtb_output,,,,,,,,,,,,,,
38,22,0,-24.086807797942,-24.255440970687,105.81891353880705,4.809950615400321,4.8699135025022935,0.6171400630729567,,True,,,,,,,,,,,,,,,
39,68,0,-79.716860736351,-81.342889691085,1020.3485741965113,15.005126091125167,40.34489093305036,1.9538632134425513,,False,,,,,,,,,,,,,,,
40,12,0,-14.528825213496,-14.554562110611,16.15014677264938,1.3458455643874483,0.8099989590926049,0.5839561949026219,,True,,,,,,,,,,,,,,,
41,17,0,-25.510317749759,-25.619548076383,68.54306481156743,4.031944988915732,4.252035079634574,0.5998094696552386,,True,,,,,,,,,,,,,,,
42,115,0,-23.035383303972,,,,302.70568300769565,,,False,no_energy_in_xtb_output,,,,,,,,,,,,,,
43,49,0,-80.68686948703,-81.322207341014,398.68052260588615,8.136337196038493,4.355279017115195,3.2807416447700777,,False,,,,,,,,,,,,,,,
44,120,0,-92.173967412403,-110.951525559251,11783.095636917864,98.1924636409822,81.23942247303401,1.2475561750382667,,False,,,,,,,,,,,,,,,
45,24,0,-25.899381108977,-25.965692070766,41.610756756833766,1.7337815315347402,9.0254033344032,0.6847640195034683,,True,,,,,,,,,,,,,,,
46,76,0,-154.054427968459,-155.911283789563,1165.1946197119626,15.331508154104771,25.1266999093024,2.253530152671774,,False,,,,,,,,,,,,,,,
47,68,0,-83.313395013281,-85.476436833139,1357.3292347555898,19.96072404052338,184.28372398801537,1.437500638557829,,False,,,,,,,,,,,,,,,
48,119,0,-90.748439327275,,,,68.95877743859366,,,False,no_energy_in_xtb_output,,,,,,,,,,,,,,
49,10,0,-18.625481011574,-18.647309686337,13.697700220024796,1.3697700220024795,2.940743516426515,0.2631963732553688,,True,,,,,,,,,,,,,,,
50,17,0,-26.961766144355,-27.101600037613,87.74709281452346,5.161593694971968,7.744045332359264,0.8131497682159461,,True,,,,,,,,,,,,,,,
51,11,0,-16.368528389034,-16.387731848943,12.050353027688882,1.0954866388808073,1.7262096517300505,0.44420211397155746,,True,,,,,,,,,,,,,,,
52,25,0,-28.087692112366,-28.152966808678,40.96049035237093,1.6384196140948373,2.781734368912032,1.3847701321026418,,True,,,,,,,,,,,,,,,
53,15,0,-18.142175519628,-18.166526000751,15.28015760267563,1.0186771735117086,2.5424057335287285,0.25753010542407506,,True,,,,,,,,,,,,,,,
54,59,0,-112.839305610158,-113.07612879419,148.6087916578722,2.5187930789469863,3.9820771613591472,3.069951856429344,,False,,,,,,,,,,,,,,,
55,17,0,-25.301953307465,-25.405768265933,65.1448699881372,3.8320511757727767,4.290714789643198,0.8817822044482887,,True,,,,,,,,,,,,,,,
56,15,0,-19.154847406201,-19.245626466559,56.96472042119036,3.797648028079357,6.392210017201848,0.6167161682405441,,True,,,,,,,,,,,,,,,
57,20,0,-28.270760219543,-28.400931594356,81.68377094697574,4.084188547348787,2.96505237344013,0.9206945501051051,,True,,,,,,,,,,,,,,,
58,167,0,,,,,,,,,single_point_failed,,,,,,,,,,,,,,
59,81,0,-44.827880507055,-79.594838929577,21816.595794490444,269.3406888208697,326.7619601560004,0.9248161410745376,,True,,,,,,,,,,,,,,,
60,97,0,-159.55115521484,-163.03836253981,2188.255634440915,22.559336437535205,57.07834060833551,3.035579238097409,,False,,,,,,,,,,,,,,,
61,17,0,-18.14900898966,-18.338964454625,119.1988539155983,7.011697289152842,5.503900372590745,0.5925072773068849,,True,,,,,,,,,,,,,,,
62,49,0,-55.405168890434,-55.524751623577,75.03929798159082,1.5314142445222616,5.103172381233474,2.1821514972314016,,False,,,,,,,,,,,,,,,
63,43,0,-61.016985080901,-61.86133160776,529.8354449962956,12.321754534797572,7.857350183269168,1.4536094784876321,,True,,,,,,,,,,,,,,,
64,10,0,-13.922976205258,-13.967342036377,27.83997935185618,2.783997935185618,5.58217356650559,0.2602769719324459,,True,,,,,,,,,,,,,,,
65,106,0,-51.628236612271,-105.264536556008,33657.28636838508,317.5215695130668,519.5585442855873,1.09136928702345,,True,,,,,,,,,,,,,,,
66,154,0,-62.527771840048,,,,190.59672266302658,,,False,no_energy_in_xtb_output,,,,,,,,,,,,,,
67,64,0,-71.83528053452,-72.181852914709,217.4774520171975,3.398085187768711,6.223274024995258,1.8516407720914314,,False,,,,,,,,,,,,,,,
68,67,0,-78.44550362295,-79.359212317506,573.3608623677217,8.557624811458533,5.15885921427608,2.2261031862334395,,False,,,,,,,,,,,,,,,
69,154,0,-65.420549776139,,,,55.14915881445859,,,False,no_energy_in_xtb_output,,,,,,,,,,,,,,
70,11,0,-14.341123908918,-14.354161047618,8.180928048924482,0.7437207317204074,1.5494893338100488,1.0929431614742584,,True,,,,,,,,,,,,,,,
71,14,0,-18.959261311373,-19.219674224932,163.41157042664628,11.672255030474734,11.186314558342795,0.7097894357404688,,True,,,,,,,,,,,,,,,
72,72,0,-67.355975595552,,,,139.58498114375027,,,False,no_energy_in_xtb_output,,,,,,,,,,,,,,
73,24,0,-24.987002242755,-25.215611537841,143.45449852535114,5.977270771889631,6.6283359975590495,1.1167443284968024,,True,,,,,,,,,,,,,,,
74,20,0,-24.22607505697,-24.303140037987,48.359005706659964,2.4179502853329984,7.676257296699253,1.1463268706102745,,True,,,,,,,,,,,,,,,
75,27,0,-28.088297443861,-28.392055623625,190.61113562607412,7.059671689854597,9.426314864539632,0.9012353316848117,,True,,,,,,,,,,,,,,,
76,8,0,-12.803113777489,-12.895103193201,57.724229872809985,7.215528734101248,5.523894324875853,0.5864783042454693,,True,,,,,,,,,,,,,,,
77,103,0,-76.158709707302,-97.418142563121,13340.49553023477,129.51937407994922,114.88860650614004,1.3013035684321135,,False,,,,,,,,,,,,,,,
78,21,0,-22.045833842449,-22.103967206475,36.47923668547525,1.7371065088321547,3.70991410717871,0.91547449182873,,True,,,,,,,,,,,,,,,
79,15,0,-20.778605327631,-20.885351963166,66.98452512257325,4.4656350081715495,4.38127902246619,0.48533966671206025,,True,,,,,,,,,,,,,,,
80,82,0,-86.5214093528,-95.867073382715,5864.492720182393,71.51820390466332,82.07984051702847,1.7056422448997242,,False,,,,,,,,,,,,,,,
81,78,0,-131.211286192894,-132.192161090302,615.5082909941915,7.891131935822968,42.67148789893703,2.9580608781579776,,False,,,,,,,,,,,,,,,
82,57,0,-82.067911819811,-83.911463360489,1156.8460576990649,20.295544871913417,7.2285808238359115,1.7019167358942995,,False,,,,,,,,,,,,,,,
83,53,0,-76.953291564384,-77.583199222424,395.2730232049975,7.457981569905614,13.082288165312423,3.0501257204672294,,False,,,,,,,,,,,,,,,
84,25,0,-31.863534184336,-32.217371577304,222.03631636520805,8.881452654608323,15.962167806848132,1.128531292591021,,True,,,,,,,,,,,,,,,
85,24,0,-33.450227777421,-33.667531720739,136.3602831833164,5.681678465971516,2.863570704302234,1.083159485916478,,True,,,,,,,,,,,,,,,
86,10,0,-11.357404437699,-11.54931079372,120.42305653610411,12.042305653610411,3.4816963339935496,0.8195186495521634,,True,,,,,,,,,,,,,,,
87,14,0,-19.488879298332,-19.532798563496,27.559754984299413,1.9685539274499582,2.1281787921385007,0.6352347205263552,,True,,,,,,,,,,,,,,,
88,47,0,-85.522914544875,-86.441859184245,576.6464673441807,12.26907377328044,19.548158889543828,2.9958746576840274,,False,,,,,,,,,,,,,,,
89,16,0,-21.330753734181,-21.356955512748,16.441864288098003,1.0276165180061252,3.5476115574430893,0.9946212232344236,,True,,,,,,,,,,,,,,,
90,66,0,-57.990035925361,,,,354.1073062263107,,,False,no_energy_in_xtb_output,,,,,,,,,,,,,,
91,8,0,-8.796018137074,-8.869663344305,46.21306525679246,5.776633157099058,1.789503137135312,0.6242046590508106,,True,,,,,,,,,,,,,,,
92,96,0,-97.313429200467,-100.400476817624,1937.1516266499336,20.178662777603474,38.789488020617576,1.773272453740514,,False,,,,,,,,,,,,,,,
93,15,0,-18.136498398543,-18.163982579905,17.246584191522594,1.1497722794348395,1.945769435098779,0.3986646980808214,,True,,,,,,,,,,,,,,,
94,11,0,-13.9791242929,-13.998436046647,12.118308437016632,1.1016644033651484,3.91989008215014,0.2322581414729904,,True,,,,,,,,,,,,,,,
95,102,0,,,,,,,,,single_point_failed,,,,,,,,,,,,,,
96,12,0,-16.363881365643,-16.406845582793,26.96045330732973,2.2467044422774776,4.724215303660837,0.6022877531135041,,True,,,,,,,,,,,,,,,
97,16,0,-21.89130237129,-21.921375907418,18.871428838899202,1.1794643024312002,1.795007016690821,0.417245109928663,,True,,,,,,,,,,,,,,,
98,16,0,-18.522736176377,-18.622436785292,62.56307666402281,3.9101922915014256,4.008652627039173,0.7701561807551542,,True,,,,,,,,,,,,,,,
99,19,0,-20.76500623473,-21.050618715137,179.224537366054,9.432870387687052,3.3051424245335976,0.8853546352887497,,True,,,,,,,,,,,,,,,
100,69,0,-120.855297097226,-121.414142056783,350.6805066544318,5.082326183397562,7.286827916358724,3.042013599360853,,False,,,,,,,,,,,,,,,
101,9,0,-18.148524940951,-18.170600209383,13.852440083566789,1.5391600092851987,2.0860054621510056,0.18868230879204148,,True,,,,,,,,,,,,,,,
102,82,0,-90.316313295003,-94.819929875442,2826.0620717731344,34.464171606989446,84.64820686717684,2.039599302695508,,False,,,,,,,,,,,,,,,
103,14,0,-16.813133821885,-16.836586391186,14.716709427498868,1.0511935305356335,2.4191618755926356,0.6333619352768608,,True,,,,,,,,,,,,,,,
104,20,0,-23.777003427583,-23.894523565124,73.74499970017594,3.6872499850087967,3.1129959117569235,1.2514463251863919,,True,,,,,,,,,,,,,,,
105,17,0,-18.133601941872,-18.311425664477,111.58607064780496,6.563886508694409,6.957128902914633,0.8481705584224848,,True,,,,,,,,,,,,,,,
106,11,0,-12.023611963668,-12.04004229693,10.310189783919599,0.9372899803563272,1.8445903067985934,0.37158151023001756,,True,,,,,,,,,,,,,,,
107,17,0,-21.392857965618,-21.478629469747,53.82243144558933,3.1660253791523134,11.600512628164138,0.478547832720788,,True,,,,,,,,,,,,,,,
108,17,0,-21.982665549829,-22.02024015999,23.578423860254112,1.3869661094267125,1.930186699719743,0.5003415755239967,,True,,,,,,,,,,,,,,,
109,11,0,-15.611833341955,-15.633991793699,13.90463839992981,1.2640580363572556,3.0091630295887564,0.26134801361362753,,True,,,,,,,,,,,,,,,
110,5,0,-15.818766485715,-15.903358512771,53.082298407841456,10.61645968156829,10.797901719358753,0.26667959977632166,,True,,,,,,,,,,,,,,,
111,20,0,-21.881748935197,-21.893855815374,7.597182012414737,0.37985910062073686,0.9783685394712369,0.5026273562797735,,True,,,,,,,,,,,,,,,
112,13,0,-16.528122299277,-16.671995667267,90.281901479092,6.944761652237846,2.334236728388467,0.7035603187338656,,True,,,,,,,,,,,,,,,
113,63,0,-86.945744767422,-88.216613160208,797.4819567605597,12.658443758104122,10.005586839883327,1.8094344136300473,,True,,,,,,,,,,,,,,,
114,9,0,-11.67228590961,-11.807070594558,84.57866676348033,9.397629640386704,3.0361751499429315,0.47618111503645627,,True,,,,,,,,,,,,,,,
115,88,0,-88.216025576874,,,,367.6061094701625,,,False,no_energy_in_xtb_output,,,,,,,,,,,,,,
116,52,0,-89.103920110332,-90.24675710192,717.1410395312403,13.791173837139237,6.279120090306097,2.6081256219645654,,False,,,,,,,,,,,,,,,
117,97,0,-106.107624308247,-107.269463441076,729.065063187455,7.516134672035619,30.13147065111225,1.993585376247913,,False,,,,,,,,,,,,,,,
118,65,0,-76.253243550554,-77.187029042331,585.9592428327395,9.014757582042146,7.134673413095231,2.6143622933905837,,False,,,,,,,,,,,,,,,
119,55,0,-76.440715516856,-76.961003653752,326.4857351448787,5.936104275361431,5.2977408903603935,2.671290520158557,,False,,,,,,,,,,,,,,,
120,63,0,-97.988908527199,-99.707063484973,1078.1585139116733,17.113627204947196,5.599004779103897,2.3706925347481542,,False,,,,,,,,,,,,,,,
121,32,0,-40.534658431099,-40.676995641393,89.31794797119815,2.7911858740999422,2.3465135182347225,0.6403096908670669,,True,,,,,,,,,,,,,,,
122,11,0,-13.631710848978,-13.651333129343,12.313166831759093,1.1193788028871903,2.7319281197767955,0.43760341812072084,,True,,,,,,,,,,,,,,,
123,87,0,-73.973704694751,-84.493918546195,6601.533860950963,75.87969955116048,79.36301700452225,0.8894385674662301,,True,,,,,,,,,,,,,,,
124,15,0,-22.761956180755,-22.851612452936,56.260160202756985,3.7506773468504657,4.634839477008824,0.34796781801278254,,True,,,,,,,,,,,,,,,
125,13,0,-16.12876023441,-16.251352448481,76.92777577592534,5.917521213532718,5.5485646677967955,0.9045420013161578,,True,,,,,,,,,,,,,,,
126,44,0,-60.729560620765,-61.205868265661,298.887559740925,6.7928990850210225,8.163594066013712,1.8736689889445528,,False,,,,,,,,,,,,,,,
127,68,0,-92.51032140695,-93.017459916821,318.23421960629435,4.679914994210211,14.22668074400108,2.5605786461794913,,False,,,,,,,,,,,,,,,
128,13,0,-20.31027416216,-20.334566647873,15.243764933450851,1.1725973025731424,3.5937672123153948,0.28110761388012057,,True,,,,,,,,,,,,,,,
129,62,0,-99.723092712674,,,,77.04132936073256,,,False,no_energy_in_xtb_output,,,,,,,,,,,,,,
130,91,0,-95.486694185844,-99.809520979387,2712.6147676820456,29.80895349101149,33.88702601356861,1.263364172546683,,False,,,,,,,,,,,,,,,
131,54,0,-66.479503878717,-67.502281412477,641.8025922932961,11.885233190616596,5.743495890208172,2.741272975920084,,False,,,,,,,,,,,,,,,
132,80,0,-151.179465946564,-152.844837354585,1045.0363363669835,13.062954204587294,8.310953498975323,2.5192455007734798,,False,,,,,,,,,,,,,,,
133,9,0,-10.849176946826,-10.941818781066,58.13362868018339,6.459292075575933,2.2419428542086783,0.5077833626346638,,True,,,,,,,,,,,,,,,
134,17,0,-23.343835044459,-23.447329326313,64.94364237474241,3.820214257337789,2.9529437368838116,0.5425570434258093,,True,,,,,,,,,,,,,,,
135,55,0,-90.701037725572,-91.936042813291,774.9773930598042,14.090498055632803,72.54978304165235,2.306489875492122,,False,,,,,,,,,,,,,,,
136,80,0,-90.290861529705,-91.198356549742,569.4617227383028,7.118271534228785,20.137584390167643,2.478435891589931,,False,,,,,,,,,,,,,,,
137,12,0,-15.994479660418,-16.019367717767,15.617491777523828,1.3014576481269857,2.97784716948103,0.3121366305494639,,True,,,,,,,,,,,,,,,
138,8,0,-11.616746983347,-11.644690864675,17.535050275415774,2.1918812844269717,5.803993993201048,0.41043052500671645,,True,,,,,,,,,,,,,,,
139,15,0,-18.954671750023,-18.999496192745,28.127762477653583,1.8751841651769054,3.0701119451503054,0.40449915056286195,,True,,,,,,,,,,,,,,,
140,59,0,-96.788719542379,-97.097892579848,194.00901013665984,3.288288307401014,4.5488789742361195,2.9923545278160897,,False,,,,,,,,,,,,,,,
141,11,0,-13.585186293726,-13.714378281371,81.06919622027995,7.369926929116359,2.3226806485116676,0.37513147299345034,,True,,,,,,,,,,,,,,,
142,17,0,-19.779664661401,-20.0058938638,141.96096781511153,8.350645165594797,2.997879677572207,1.0033514250639681,,True,,,,,,,,,,,,,,,
143,15,0,-15.79130778647,-15.814312952675,14.435959746033427,0.9623973164022285,1.4364995370766032,0.22783225770741686,,True,,,,,,,,,,,,,,,
144,5,0,-19.232592453374,-19.392035192911,100.05182963004212,20.010365926008426,4.172203373250249,0.4213688078975129,,True,,,,,,,,,,,,,,,
145,22,0,-30.958080590017,-30.987101927785,18.211164399405526,0.8277801999729785,2.021626960676783,0.601738866187946,,True,,,,,,,,,,,,,,,
146,59,0,-95.394346227781,,,,131.9155236548164,,,False,no_energy_in_xtb_output,,,,,,,,,,,,,,
147,23,0,-27.747190039487,-27.949482796365,126.94062147528957,5.519157455447373,3.7522086459995934,0.7082778989739599,,True,,,,,,,,,,,,,,,
148,13,0,-18.116559702859,-18.216402439776,62.65226333180773,4.819404871677518,3.6363873746249515,0.8497507145490412,,True,,,,,,,,,,,,,,,
149,145,0,-72.257969061272,,,,60.96656181470712,,,False,no_energy_in_xtb_output,,,,,,,,,,,,,,
150,6,0,-22.713080829989,-22.797183028796,52.77492654093021,8.795821090155036,4.298151160711253,1.1222305661067387,,True,,,,,,,,,,,,,,,
151,136,0,,,,,,,,,single_point_failed,,,,,,,,,,,,,,
152,72,0,-116.573950988821,,,,17.328393551447828,,,False,no_energy_in_xtb_output,,,,,,,,,,,,,,
153,98,0,-194.131647209474,-205.540425916789,7159.116726329517,73.05221149315834,205.68315916312764,2.471646778523188,,False,,,,,,,,,,,,,,,
154,83,0,-91.070476391487,-91.983311244076,572.812518254591,6.901355641621579,13.245926342830945,2.396836501272539,,False,,,,,,,,,,,,,,,
155,13,0,-21.720022434352,-21.751381511991,19.678118316352414,1.5137014089501857,6.391703592830367,0.6547803064387765,,True,,,,,,,,,,,,,,,
156,4,0,-9.618134212934,-9.638722862147,12.919572439319197,3.229893109829799,5.770915763302571,0.11863663026000491,,True,,,,,,,,,,,,,,,
157,8,0,-11.218098251651,-11.241962865406,14.975271226119238,1.8719089032649048,5.339870210620412,0.3242810570198107,,True,,,,,,,,,,,,,,,
158,120,0,-42.998807123463,,,,79.15387779136393,,,False,no_energy_in_xtb_output,,,,,,,,,,,,,,
159,16,0,-17.004448503485,-17.063513586914,37.06389943802329,2.3164937148764557,2.3462925695537065,1.1406076521465602,,True,,,,,,,,,,,,,,,
160,33,0,-40.043018350858,-40.178204965168,84.83088124603995,2.5706327650315135,3.7883971189904573,0.8974530775091358,,True,,,,,,,,,,,,,,,
161,17,0,-18.346665948965,-18.375981366016,18.395701935612568,1.0821001138595627,1.3322207527385044,0.8257687807029924,,True,,,,,,,,,,,,,,,
162,88,0,-63.937074697932,-89.039904726923,15752.263668987536,179.00299623849472,338.9123928075675,1.2547978624238083,,True,,,,,,,,,,,,,,,
163,12,0,-15.216803740283,-15.240818040298,15.069200772406521,1.2557667310338767,4.5512305103447614,0.3294499054977775,,True,,,,,,,,,,,,,,,
164,92,0,-120.095476165338,-122.733142072737,1655.160346306114,17.99087332941428,48.6062952469852,1.6461915346431146,,False,,,,,,,,,,,,,,,
165,12,0,-13.97764402152,-14.119819264981,89.21631224900571,7.434692687417143,4.507645740556974,0.5098850229224581,,True,,,,,,,,,,,,,,,
166,50,0,-62.432020193512,-62.893925645995,289.85004755448233,5.797000951089647,12.45689909638028,2.29165425465132,,False,,,,,,,,,,,,,,,
167,43,0,-82.73811479887,-83.459605870832,452.742483108092,10.52889495600214,6.973550371553838,1.1298140184516452,,True,,,,,,,,,,,,,,,
168,160,0,,,,,,,,,single_point_failed,,,,,,,,,,,,,,
169,31,0,-43.473672282949,-43.673414553748,125.34016729724964,4.043231203137085,5.998287498540329,0.9838749387438326,,True,,,,,,,,,,,,,,,
170,115,0,-110.081095575342,-124.25360998784,8893.387065138319,77.33380056642017,222.1961710181297,1.3591551832186637,,False,,,,,,,,,,,,,,,
171,14,0,-18.707965996839,-18.793266007451,53.52656479671206,3.8233260569080043,2.541444723226515,0.4456773468959389,,True,,,,,,,,,,,,,,,
172,49,0,-57.644841133931,-57.921530682406,173.62531304230265,3.543373735557197,4.404146981189586,2.817088961245494,,False,,,,,,,,,,,,,,,
173,132,0,-50.115455855718,,,,236.67429979969245,,,False,no_energy_in_xtb_output,,,,,,,,,,,,,,
174,45,0,-61.561550976215,-61.879119566262,199.27729891935053,4.428384420430012,16.142103063690552,2.575202471346612,,True,,,,,,,,,,,,,,,
175,3,0,-6.979576798129,-6.984923251034,3.3549498505196964,1.1183166168398988,2.7923861899912117,0.05752678840230862,,True,,,,,,,,,,,,,,,
176,62,0,-72.138433384413,-73.814664372577,1051.850825791058,16.965335899855774,6.493944897846509,2.250851914747748,,False,,,,,,,,,,,,,,,
177,21,0,-20.365749382335,-20.403096309667,23.43555072797555,1.1159786060940737,1.9037619892264246,1.0905237880534304,,True,,,,,,,,,,,,,,,
178,75,0,-115.293598813158,-115.971005494484,425.0791103257113,5.667721471009484,4.563668336336738,2.340015511882806,,False,,,,,,,,,,,,,,,
179,20,0,-19.910335316597,-19.953933295052,27.358144530511847,1.3679072265255923,3.0306352747969787,1.2026458649057785,,True,,,,,,,,,,,,,,,
180,9,0,-14.766796689644,-14.851451106279,53.12144845974785,5.902383162194206,7.380024550931435,1.3579480551767908,,True,,,,,,,,,,,,,,,
181,18,0,-18.931699557329,-18.949902713001,11.422652642024017,0.6345918134457788,1.4753722992635274,0.3985510728312743,,True,,,,,,,,,,,,,,,
182,8,0,-12.379658826592,-12.453385635374,46.2642710031437,5.783033875392962,5.500017973100735,0.3717734751900459,,True,,,,,,,,,,,,,,,
183,99,0,-123.549652549081,-128.324962401923,2996.552174245214,30.268203780254684,58.42509883479556,1.7884837086750205,,False,,,,,,,,,,,,,,,
184,17,0,-18.245112031409,-18.345638908157,63.08156755734292,3.710680444549584,7.952028813594488,0.7596762201034722,,True,,,,,,,,,,,,,,,
185,47,0,-55.374244190302,-55.797313934354,265.4802725820811,5.648516437916619,9.219922504194907,2.6323432441811927,,False,,,,,,,,,,,,,,,
186,8,0,-16.757570043501,-16.822035690626,40.45280432254449,5.056600540318061,3.063340690623906,0.3413579520269287,,True,,,,,,,,,,,,,,,
187,10,0,-12.691991210287,-12.703873282487,7.456112877002154,0.7456112877002153,1.6599118966824158,0.23626174556002313,,True,,,,,,,,,,,,,,,
188,101,0,-110.659671404235,-118.558489368964,4956.583106767264,49.07508026502242,63.74401958678651,1.5463505479891801,,False,,,,,,,,,,,,,,,
189,26,0,-32.65804972795,-32.778875822411,75.81951898832168,2.9161353457046797,2.9012592131081965,0.7325245527693968,,True,,,,,,,,,,,,,,,
190,23,0,-26.436421254702,-26.557264122664,75.83004451911164,3.29695845735268,3.5147935526734067,1.0207243186088046,,True,,,,,,,,,,,,,,,
191,62,0,-74.629700296936,-75.58445098923,599.1151047827967,9.663146851335432,36.79691170127272,2.3739523838853827,,False,,,,,,,,,,,,,,,
192,84,0,-79.420183363346,,,,263.6573891713072,,,False,no_energy_in_xtb_output,,,,,,,,,,,,,,
193,60,0,-58.522737299354,-58.893913440567,232.9165451573398,3.881942419288997,4.705758901324545,1.5025792536916063,,True,,,,,,,,,,,,,,,
194,104,0,-156.452121175274,,,,170.66084671158288,,,False,no_energy_in_xtb_output,,,,,,,,,,,,,,
195,58,0,-84.31218742321,,,,9.990974372339156,,,False,no_energy_in_xtb_output,,,,,,,,,,,,,,
196,88,0,-137.966578729785,,,,75.54480375598274,,,False,no_energy_in_xtb_output,,,,,,,,,,,,,,
197,114,0,-123.651940844949,-136.301811722081,7937.913821075229,69.63082299188797,91.54194143304632,1.5712999027130288,,False,,,,,,,,,,,,,,,
198,13,0,-17.762930161713,-17.861807781907,62.046643444547364,4.772818726503643,2.564486776928363,0.6106598523359671,,True,,,,,,,,,,,,,,,
199,75,0,-99.067661304335,-100.015346351311,594.6813454053683,7.929084605404912,53.82432193235403,2.367682096868543,,False,,,,,,,,,,,,,,,
200,110,0,-152.098719736747,,,,349.871660521176,,,False,no_energy_in_xtb_output,,,,,,,,,,,,,,
201,7,0,-10.335339831534,-10.346581277615,7.05411391799685,1.0077305597138357,2.3944896251102454,0.08943441579362446,,True,,,,,,,,,,,,,,,
202,153,0,-71.728061397552,-91.658168601338,12506.331089468958,81.7407260749605,80.98632713986368,1.4524633496250907,,False,,,,,,,,,,,,,,,
203,15,0,-15.666713654866,-15.783092020295,73.02852688267508,4.868568458845005,2.2901076389879216,0.7110903994684685,,True,,,,,,,,,,,,,,,
204,18,0,-20.267319153918,-20.459013450826,120.28998743363509,6.682777079646394,5.925736342830572,0.9623883080782575,,True,,,,,,,,,,,,,,,
205,38,0,-58.560753928399,-58.895504197157,210.0589650908142,5.527867502389848,4.4077675765722,2.2640422601030945,,False,,,,,,,,,,,,,,,
206,95,0,-109.581096348789,-111.572507491743,1249.629358958457,13.153993252194285,15.308653329041038,2.0826708092320048,,False,,,,,,,,,,,,,,,
207,110,0,,,,,,,,,single_point_failed,,,,,,,,,,,,,,
208,13,0,-16.626242294326,-16.681149763158,34.45495688890377,2.650381299146444,5.302766938519908,0.3570756167485906,,True,,,,,,,,,,,,,,,
209,13,0,-16.651973079597,-16.681309494323,18.408878175609253,1.4160675519699426,2.296031585045851,0.2718542818081872,,True,,,,,,,,,,,,,,,
210,63,0,-78.535090836274,-79.732386539955,751.3143973148781,11.925625354204413,6.040655900980477,1.387699401144302,,True,,,,,,,,,,,,,,,
211,55,0,-54.925414563807,-55.617788238366,434.4710403776544,7.899473461411898,13.14389839871329,1.4292697197257294,,True,,,,,,,,,,,,,,,
212,6,0,-8.221963358584,-8.226118377917,2.6073139963728416,0.43455233272880694,2.2106907950593477,0.04636915720257914,,True,,,,,,,,,,,,,,,
213,136,0,-54.6017491696,,,,68.02338684099357,,,False,no_energy_in_xtb_output,,,,,,,,,,,,,,
214,9,0,-7.728395366746,-7.738227274113,6.169615020903507,0.6855127801003896,2.551263345606916,0.06136584215396509,,True,,,,,,,,,,,,,,,
215,15,0,-19.175153201711,-19.261145902292,53.96123431484808,3.5974156209898718,3.1339887592738025,0.939925159697101,,True,,,,,,,,,,,,,,,
216,93,0,-113.015098481599,-116.979389320368,2487.6300592691027,26.748710314721535,41.45387504788148,1.8475039032022285,,False,,,,,,,,,,,,,,,
217,24,0,-32.277055945089,-32.36233216585,53.51163643982117,2.229651518325882,3.9587022788330426,1.4895996009985162,,True,,,,,,,,,,,,,,,
218,37,0,-59.633225791248,-59.854690706144,138.97133226981592,3.755981953238268,6.7240656672738846,0.6802886789728454,,True,,,,,,,,,,,,,,,
219,10,0,-17.413308618381,-17.463001723006,31.182893947796202,3.1182893947796204,4.215206143233506,0.2097979599557699,,True,,,,,,,,,,,,,,,
220,5,0,-8.458255687787,-8.47814472489,12.480559212125463,2.4961118424250928,10.54142213877671,0.09426401564913567,,True,,,,,,,,,,,,,,,
221,8,0,-10.381556055388,-10.480620621058,62.16395350187113,7.770494187733891,6.841224685280339,0.8675893259365207,,True,,,,,,,,,,,,,,,
222,6,0,-13.641797761997,-13.730417591028,55.60978230680568,9.26829705113428,18.203707389584036,0.562854038929448,,True,,,,,,,,,,,,,,,
223,15,0,-15.747503502027,-15.776343463436,18.097349015761708,1.2064899343841138,1.2833366079154414,0.6158163907649296,,True,,,,,,,,,,,,,,,
224,7,0,-8.249319769038,-8.347790067203,61.7910450123564,8.827292144622342,4.370480936815612,0.40447711924904023,,True,,,,,,,,,,,,,,,
225,14,0,-15.11573563424,-15.20255211723,54.47816558106339,3.8912975415045277,6.67503393484681,0.5432471093359449,,True,,,,,,,,,,,,,,,
226,5,0,-19.270126597854,-19.392035185018,76.4987934150575,15.2997586830115,3.6841854794026827,0.3672907079458123,,True,,,,,,,,,,,,,,,
227,58,0,-92.662850733544,-94.725640946859,1294.4204018598039,22.31759313551386,12.434777127068854,2.4808330381232397,,False,,,,,,,,,,,,,,,
228,8,0,-10.448416312259,-10.489537659435,25.80403493917701,3.2255043673971264,2.56410895485837,0.7020156425954757,,True,,,,,,,,,,,,,,,
229,18,0,-21.519840661532,-21.602586688921,51.923916127682084,2.884662007093449,5.903250132814885,0.3195966921951495,,True,,,,,,,,,,,,,,,
230,116,0,-47.603141242125,,,,139.1612458285053,,,False,no_energy_in_xtb_output,,,,,,,,,,,,,,
231,50,0,-74.38813162448,-75.679389565274,810.2765913074428,16.205531826148857,6.718713598997674,2.75455136013022,,False,,,,,,,,,,,,,,,
232,6,0,-14.929442695801,-14.938514189395,5.692448174137687,0.9487413623562811,2.485942674423438,0.10684892556649866,,True,,,,,,,,,,,,,,,
233,7,0,-9.971696465813,-9.987796495338,10.102921059632576,1.443274437090368,2.276730405295774,0.14116333433100509,,True,,,,,,,,,,,,,,,
234,99,0,,,,,,,,,single_point_failed,,,,,,,,,,,,,,
235,45,0,-48.897339029264,-49.113545040524,135.67132041504254,3.0149182314453897,9.21587641216027,0.5176703328118246,,True,,,,,,,,,,,,,,,
236,98,0,-123.864088925801,-127.493023605822,2277.1908924693244,23.236641759891064,51.55586751970157,1.9122903532270892,,False,,,,,,,,,,,,,,,
237,23,0,-26.44552440232,-26.583721236007,86.71982242411569,3.7704270619180735,5.766169141238987,1.1948328871995635,,True,,,,,,,,,,,,,,,
238,78,0,-92.82176071806,,,,26.23974747676516,,,False,no_energy_in_xtb_output,,,,,,,,,,,,,,
239,12,0,-14.852461748512,-14.962541966772,69.0763798650829,5.756364988756908,5.949523552153668,0.4629548927100724,,True,,,,,,,,,,,,,,,
240,64,0,-69.280451210496,-69.994009674564,447.76469650058465,6.996323382821635,6.236003801399755,1.883390392274106,,False,,,,,,,,,,,,,,,
241,37,0,-56.945435837319,-57.238528240182,183.91825957244885,4.970763772228347,6.007846719083713,1.8021458463934938,,True,,,,,,,,,,,,,,,
242,19,0,-23.435939096721,-23.474756863312,24.35851629782168,1.282027173569562,3.604292898575337,0.4252465532693545,,True,,,,,,,,,,,,,,,
243,176,0,-81.402490797833,,,,34.13149229418246,,,False,no_energy_in_xtb_output,,,,,,,,,,,,,,
244,37,0,-47.155928686913,-47.473443404185,199.243493242645,5.384959276828243,4.449919196955684,1.9930295985915856,,True,,,,,,,,,,,,,,,
245,10,0,-11.452615101229,-11.543185902435,56.83403583025108,5.683403583025108,2.2184419075686277,0.8018377158748761,,True,,,,,,,,,,,,,,,
246,28,0,-34.288720888388,-34.464717331132,110.4394352232646,3.9442655436880214,3.573626381893916,1.0468170040897558,,True,,,,,,,,,,,,,,,
247,13,0,-14.935508536345,-15.027736280518,57.87378324002533,4.4518294800019484,10.187852507566426,0.6472670695755464,,True,,,,,,,,,,,,,,,
248,83,0,-91.053857445664,-92.258312106074,755.8067104867337,9.106104945623297,18.14910134752645,2.106726476842446,,False,,,,,,,,,,,,,,,
249,16,0,-25.482873743907,-25.515366104179,20.389263905352724,1.2743289940845453,3.068567339953809,0.6914568050612799,,True,,,,,,,,,,,,,,,
250,19,0,-20.820023316653,-21.057768340856,149.18725509874403,7.851960794670738,4.88457356556177,0.7369636701911738,,True,,,,,,,,,,,,,,,
251,54,0,-71.446446719219,-72.248161855884,503.0838437570866,9.316367476983086,5.131595858803587,2.2568605442393377,,False,,,,,,,,,,,,,,,
252,109,0,-100.387247768894,,,,88.48515465466565,,,False,no_energy_in_xtb_output,,,,,,,,,,,,,,
253,79,0,-110.283913952352,-112.141346681693,1165.5566350963588,14.753881456915934,7.980139833287351,1.8274788213393276,,False,,,,,,,,,,,,,,,
254,18,0,-30.355140090229,-30.450027910154,59.54300597613023,3.3079447764516794,15.007823330465438,0.6550351946823841,,True,,,,,,,,,,,,,,,
255,13,0,-23.761266772993,-23.830869925856,43.67663784619434,3.35974137278418,2.5978391596212735,0.21893347227859858,,True,,,,,,,,,,,,,,,
256,116,0,-52.129382667545,,,,530.5313859322321,,,False,no_energy_in_xtb_output,,,,,,,,,,,,,,
257,15,0,-17.68548547271,-17.721920953026,22.86360909033034,1.5242406060220226,1.854282261683291,0.31621333639149735,,True,,,,,,,,,,,,,,,
258,124,0,-61.836003132868,-116.11674563098,34061.68017674483,274.690969167297,454.8899289693728,1.1447903019922674,,False,,,,,,,,,,,,,,,
259,12,0,-17.635573101261,-17.737142935315,63.73603314790223,5.311336095658519,2.3750321507528387,0.9999439649373011,,True,,,,,,,,,,,,,,,
260,126,0,-91.254935597099,-120.173252381252,18146.517756013964,144.019982190587,141.95012500639575,1.2551270035958009,,False,,,,,,,,,,,,,,,
261,100,0,-91.985112144737,-108.377578613504,10286.42801241298,102.8642801241298,473.6665606977448,0.9571237833287104,,True,,,,,,,,,,,,,,,
262,7,0,-10.560519842766,-10.610492889919,31.358560536309106,4.479794362329872,8.180919707867863,1.1953659848560574,,True,,,,,,,,,,,,,,,
263,12,0,-14.110764649513,-14.197785704078,54.606536182499255,4.550544681874938,2.297407455954473,0.7392104780099041,,True,,,,,,,,,,,,,,,
264,18,0,-21.889585678571,-22.104982202254,135.1633592913401,7.509075516185561,8.3314868318123,0.7680330020489096,,True,,,,,,,,,,,,,,,
265,115,0,-16.077698230562,,,,2752.231594419259,,,False,no_energy_in_xtb_output,,,,,,,,,,,,,,
266,145,0,-65.416808322104,-91.248374369529,16209.552424645894,111.79001672169582,62.66014569995483,1.4583988183975587,,False,,,,,,,,,,,,,,,
267,8,0,-12.000357051919,-12.031443683116,19.507155592823413,2.4383944491029266,3.1524944934270915,0.5996479263975261,,True,,,,,,,,,,,,,,,
268,87,0,-53.425091837987,-86.263314868275,20606.296062902806,236.853977734515,315.2081717772992,0.954417128065759,,True,,,,,,,,,,,,,,,
269,91,0,-55.160046114085,-87.282967983516,20157.4378076567,221.51030557864507,466.38230616425386,1.5991301162658569,,False,,,,,,,,,,,,,,,
270,14,0,-21.951321220416,-22.029281701629,48.92094056367647,3.494352897405462,4.090687593267242,0.8816167275499056,,True,,,,,,,,,,,,,,,
271,11,0,-15.986753625975,-16.064041666905,48.49897791535058,4.408997992304598,4.575441925259142,0.7370106933822238,,True,,,,,,,,,,,,,,,
272,112,0,-78.874942267744,-100.302001009537,13445.682361781668,120.05073537305061,89.30076012944717,1.0773830561273081,,False,,,,,,,,,,,,,,,
273,39,0,-48.606227208217,-49.469767434863,541.8796734549628,13.894350601409302,8.636892469349894,1.631540200900146,,True,,,,,,,,,,,,,,,
274,81,0,-131.242406062384,,,,32.613475494392986,,,False,no_energy_in_xtb_output,,,,,,,,,,,,,,
275,99,0,-43.161433047776,-88.582542352208,28502.1764109867,287.9007718281485,562.7618162518755,1.5594084667151236,,False,,,,,,,,,,,,,,,
276,30,0,-41.508449203901,-41.619511348139,69.69254771910627,2.323084923970209,4.644824915152724,2.394460316357805,,False,,,,,,,,,,,,,,,
277,6,0,-7.389379595603,-7.411822363137,14.083049251781166,2.347174875296861,2.840782040396097,0.28722731821231523,,True,,,,,,,,,,,,,,,
278,15,0,-18.881491437694,-18.914412024641,20.657980200960633,1.3771986800640421,2.65970068195545,0.3739479609118177,,True,,,,,,,,,,,,,,,
279,13,0,-22.146654074338,-22.252554292546,66.45339023087142,5.111799248528571,5.2995009152955594,0.8308371630896807,,True,,,,,,,,,,,,,,,
280,7,0,-13.186039052434,-13.194717873368,5.446042359783045,0.778006051397578,2.575245345728369,0.11441389193925987,,True,,,,,,,,,,,,,,,
281,77,0,-129.977502636792,,,,62.022079300625535,,,False,no_energy_in_xtb_output,,,,,,,,,,,,,,
282,62,0,-95.403728097074,-96.677075130664,799.0373273478691,12.887698828191438,7.728953079619442,2.63054639842966,,False,,,,,,,,,,,,,,,
283,8,0,-10.359549844476,-10.48953789588,81.56873377101135,10.196091721376419,4.046375180893716,0.7610627075218608,,True,,,,,,,,,,,,,,,
284,78,0,-97.757949565811,-102.501163467956,2976.411661103794,38.15912386030505,109.17715791271499,2.523909698763316,,False,,,,,,,,,,,,,,,
285,102,0,-108.918426608478,-114.308406398276,3382.2633831068847,33.159444932420435,46.31241325949648,1.6034559923612408,,False,,,,,,,,,,,,,,,
286,9,0,-13.33587894427,-13.399428193229,39.87775579136664,4.430861754596293,3.8142686874424885,0.6597290151780841,,True,,,,,,,,,,,,,,,
287,95,0,-66.624453587007,-95.136276861682,17891.43922767137,188.330939238646,468.74337781415704,0.7980350735754115,,True,,,,,,,,,,,,,,,
288,79,0,-58.259507760795,,,,404.1901715110716,,,False,no_energy_in_xtb_output,,,,,,,,,,,,,,
289,17,0,-21.426925504284,-21.538956772785,70.30068237568395,4.135334257393174,6.441926191839316,0.7069571391971485,,True,,,,,,,,,,,,,,,
290,7,0,-11.871767587453,-11.909515063504,23.68689884397187,3.3838426919959814,3.280568505886267,0.4569317331754954,,True,,,,,,,,,,,,,,,
291,13,0,-19.916042811293,-19.95414608087,23.910162652347964,1.8392432809498434,2.300515992623497,0.33036357900103186,,True,,,,,,,,,,,,,,,
292,139,0,-61.441791709143,-81.651994028525,12682.093428144242,91.23808221686505,57.585362578402275,1.5438480586788206,,False,,,,,,,,,,,,,,,
293,25,0,-26.850890299149,-26.967439265343,73.13558047899456,2.925423219159782,1.9864466147055226,0.7072903377482423,,True,,,,,,,,,,,,,,,
294,25,0,-33.096333765588,-33.148143219567,32.51092321785683,1.3004369287142732,9.122377875352791,0.38007295834188914,,True,,,,,,,,,,,,,,,
295,13,0,-16.174392582412,-16.234106395941,37.47098372188542,2.882383363221955,2.084527776592545,0.5066395782929974,,True,,,,,,,,,,,,,,,
296,89,0,,,,,,,,,single_point_failed,,,,,,,,,,,,,,
297,14,0,-23.599136495584,-23.621222117968,13.858937286540643,0.9899240918957602,3.906855039558566,1.3807034582734878,,True,,,,,,,,,,,,,,,
298,112,0,-39.986273951862,-107.136639174867,42137.490364232945,376.2275925377941,545.0548862039896,1.2676049937468388,,False,,,,,,,,,,,,,,,
299,4,0,-11.838829122174,-11.849558788011,6.732966966249359,1.6832417415623397,1.90054873497625,0.3917340362482697,,True,,,,,,,,,,,,,,,
300,150,0,-63.729458353478,,,,88.92223792075238,,,False,no_energy_in_xtb_output,,,,,,,,,,,,,,
301,103,0,,,,,,,,,single_point_failed,,,,,,,,,,,,,,
302,21,0,-23.470389198401,-23.621036686905,94.53272628007146,4.501558394289117,2.683676002446188,1.4249353639599895,,True,,,,,,,,,,,,,,,
303,173,0,-77.8274813931,,,,44.62490783594404,,,False,no_energy_in_xtb_output,,,,,,,,,,,,,,
304,88,0,-140.830674450183,,,,125.2792385966954,,,False,no_energy_in_xtb_output,,,,,,,,,,,,,,
305,32,0,-33.820922226099,-34.128899367348,193.25857392861553,6.039330435269235,3.8690800318385192,1.5860593101051057,,True,,,,,,,,,,,,,,,
306,49,0,-59.099720310271,-59.367832721542,168.24307818645354,3.433532207886807,8.222265356325021,2.7106170397084974,,False,,,,,,,,,,,,,,,
307,12,0,-21.095872708609,-21.288375133055,120.79709511997962,10.066424593331634,3.95790624815952,0.9937181049365701,,True,,,,,,,,,,,,,,,
308,55,0,-69.657949297941,-70.532431533252,548.745887557525,9.977197955591363,5.586540589359368,1.443943730061337,,True,,,,,,,,,,,,,,,
309,12,0,-14.826356121985,-14.987860208369,101.34534430586493,8.445445358822077,5.19916964369708,0.8452725248426354,,True,,,,,,,,,,,,,,,
310,123,0,,,,,,,,,single_point_failed,,,,,,,,,,,,,,
311,58,0,-74.23012132491,-75.083404271226,535.4431328697655,9.23177815292699,8.202745270205414,2.093599518771319,,False,,,,,,,,,,,,,,,
312,64,0,-104.351192420793,-105.011711221476,414.4818052253837,6.4762782066466205,19.89886576276448,2.254361272586118,,False,,,,,,,,,,,,,,,
313,8,0,-14.06499378559,-14.097818988403,20.59812575320081,2.5747657191501014,4.157115231027133,0.33458622756857287,,True,,,,,,,,,,,,,,,
314,73,0,-101.309475577283,-103.051674767445,1093.2464975317139,14.975979418242655,25.72564535325316,2.957097314380749,,False,,,,,,,,,,,,,,,
315,170,0,-71.598280841635,,,,49.61319675442011,,,False,no_energy_in_xtb_output,,,,,,,,,,,,,,
316,58,0,-66.887977731638,-67.053366623549,103.78309657894621,1.7893637341197624,2.1925611344584293,2.0644065871827206,,False,,,,,,,,,,,,,,,
317,166,0,,,,,,,,,single_point_failed,,,,,,,,,,,,,,
318,124,0,-50.963592405493,-96.710695573788,28706.74064904717,231.50597297618685,614.921705653228,1.2080805028071964,,False,,,,,,,,,,,,,,,
319,68,0,-69.996250955179,-71.774587144477,1115.922806853767,16.4106295125554,23.31760845753178,1.8483078433212317,,False,,,,,,,,,,,,,,,
320,72,0,-98.462538094324,-99.742404652254,803.1283906375995,11.154560981077772,6.938595539281854,2.6120670152672782,,False,,,,,,,,,,,,,,,
321,126,0,,,,,,,,,single_point_failed,,,,,,,,,,,,,,
322,45,0,-48.579315121912,-48.898665662152,200.39548954776612,4.453233101061469,3.260660065177866,2.3893327042165176,,False,,,,,,,,,,,,,,,
323,7,0,-14.231419047056,-14.297500490722,41.46673196018119,5.923818851454456,6.217197880700238,0.29180548367861125,,True,,,,,,,,,,,,,,,
324,33,0,-58.005780524478,-58.128350074497,76.91355386857438,2.3307137535931632,3.191267614368151,0.8016387694800385,,True,,,,,,,,,,,,,,,
325,33,0,-46.541630691568,-46.823874773001,177.1108350974442,5.366995002952855,6.6080811114492475,2.148462754431203,,True,,,,,,,,,,,,,,,
326,33,0,-36.997350850768,-37.151758978421,96.89256297460165,2.9361382719576254,3.0828894184859426,2.213666269218453,,False,,,,,,,,,,,,,,,
327,117,0,-40.48316912554,,,,307.0596339743929,,,False,no_energy_in_xtb_output,,,,,,,,,,,,,,
328,121,0,-50.834465916651,,,,71.48837265538276,,,False,no_energy_in_xtb_output,,,,,,,,,,,,,,
329,77,0,-96.191087763264,-98.754914278626,1608.8254282438452,20.89383673043955,68.15906855368046,2.2794781308924565,,False,,,,,,,,,,,,,,,
330,66,0,,,,,,,,,single_point_failed,,,,,,,,,,,,,,
331,85,0,-80.400201975566,-88.510191085641,5089.095001120627,59.871705895536785,139.02737003265435,1.4996324640442924,,False,,,,,,,,,,,,,,,
332,15,0,-17.265823133198,-17.310005079892,27.724590133035647,1.848306008869043,3.5436970599108895,0.33863131089773113,,True,,,,,,,,,,,,,,,
333,24,0,-25.062851217832,-25.230595351605,105.26103316106476,4.385876381711031,2.8108108578207673,1.491300078958036,,True,,,,,,,,,,,,,,,
334,25,0,-27.009497558152,-27.365302370034,223.27089037319564,8.930835614927826,3.948465016473449,1.2606025169969963,,True,,,,,,,,,,,,,,,
335,16,0,-18.529631159106,-18.588983621804,37.24423265197257,2.3277645407482854,2.108182367065669,1.0146158731858308,,True,,,,,,,,,,,,,,,
336,48,0,-70.154517741692,-71.481049893973,832.411493205636,17.34190610845075,5.999107098099956,2.1310762670785377,,False,,,,,,,,,,,,,,,
337,9,0,-12.087213569836,-12.166809138113,49.946973187253825,5.5496636874726475,3.085717870895704,0.531861137548749,,True,,,,,,,,,,,,,,,
338,15,0,-18.12256122033,-18.166893122222,27.818688440466342,1.8545792293644228,3.2495579408817887,0.4067433268697127,,True,,,,,,,,,,,,,,,
339,35,0,-42.809526597619,-42.946663871454,86.05493857864934,2.4587125308185525,5.123434706174795,0.47412905824477874,,True,,,,,,,,,,,,,,,
340,15,0,-19.039058901782,-19.050402804114,7.11840618617726,0.4745604124118173,1.3707161343349687,0.10060851133531672,,True,,,,,,,,,,,,,,,
341,10,0,-13.019401822486,-13.076096871234,35.57668022183973,3.557668022183973,6.142945559152941,0.5667798599391685,,True,,,,,,,,,,,,,,,
342,84,0,-98.887945157867,-100.053075252082,731.1301726359458,8.703930626618401,18.67478970810807,1.675068844332027,,False,,,,,,,,,,,,,,,
343,134,0,-85.540442465748,-116.097877455068,19175.079958865565,143.0976116333251,88.53560781224851,1.153423456384173,,False,,,,,,,,,,,,,,,
344,31,0,-36.914110801069,-37.204814543224,182.41935234786092,5.884495237027772,4.556238679533343,0.8183170210043652,,True,,,,,,,,,,,,,,,
345,6,0,-11.365834732356,-11.393223993792,17.187021038681845,2.864503506446974,5.6103863112642625,0.13086121759930738,,True,,,,,,,,,,,,,,,
346,17,0,-21.428031152591,-21.572072626959,90.38738982393639,5.316905283760964,5.768974144630209,0.6226422250761346,,True,,,,,,,,,,,,,,,
347,18,0,-20.426121631767,-20.484049303655,36.35016292013798,2.019453495563221,2.1040914160745916,1.0659156281119422,,True,,,,,,,,,,,,,,,
348,13,0,-16.301568318816,-16.329586655634,17.58177180078627,1.352443984675867,1.8891797514880209,0.20344645404197118,,True,,,,,,,,,,,,,,,
349,104,0,,,,,,,,,single_point_failed,,,,,,,,,,,,,,
350,16,0,-23.25348200845,-23.28952738925,22.618817948212772,1.4136761217632983,3.1584620190405746,0.721268365075803,,True,,,,,,,,,,,,,,,
351,11,0,-17.979323401714,-18.070222495809,57.04004272836379,5.185458429851253,6.664367524440261,0.35982655019268145,,True,,,,,,,,,,,,,,,
352,7,0,-8.313950474423,-8.347790252001,21.23478103038233,3.0335401471974754,3.4185846442786083,0.19772304154981846,,True,,,,,,,,,,,,,,,
353,28,0,-38.972926623763,-39.143277657446,106.89688755252342,3.8177459840186936,2.454022957571376,1.134109656348508,,True,,,,,,,,,,,,,,,
354,47,0,-74.871750750627,-75.472369789004,376.8941368842391,8.019024189026364,5.9324588772657325,1.9993687836020486,,False,,,,,,,,,,,,,,,
355,126,0,-99.042686050795,-128.91660259145,18746.165656631358,148.77909251294727,414.8485645079839,1.4369823004230626,,False,,,,,,,,,,,,,,,
356,102,0,,,,,,,,,single_point_failed,,,,,,,,,,,,,,
357,152,0,,,,,,,,,single_point_failed,,,,,,,,,,,,,,
358,28,0,-34.294549581833,-34.408932073654,71.77609728462082,2.5634320458793147,5.934311989056655,1.05905022424357,,True,,,,,,,,,,,,,,,
359,114,0,-51.120883082721,,,,656.1482065937712,,,False,no_energy_in_xtb_output,,,,,,,,,,,,,,
360,11,0,-11.988647081225,-12.024109295554,22.25287546270357,2.0229886784275974,3.1129839578742766,0.350809422222684,,True,,,,,,,,,,,,,,,
361,44,0,-70.210333959512,,,,130.251258162071,,,False,no_energy_in_xtb_output,,,,,,,,,,,,,,
362,103,0,-170.083982667417,,,,46.632657753979494,,,False,no_energy_in_xtb_output,,,,,,,,,,,,,,
363,56,0,-74.157755366293,-75.527861420651,859.7545295808603,15.352759456801078,7.648590075629741,2.9195419720073628,,False,,,,,,,,,,,,,,,
364,147,0,,,,,,,,,single_point_failed,,,,,,,,,,,,,,
365,100,0,-44.918349128952,-86.2452763285,25933.038351632385,259.3303835163239,479.819812755124,1.2256803830286611,,False,,,,,,,,,,,,,,,
366,38,0,-41.457674173677,-43.596106046935,1341.8862601078972,35.31279631862888,246.6572867593959,1.1264345993384988,,True,,,,,,,,,,,,,,,
367,156,0,-48.602313541365,,,,197.75990118119785,,,False,no_energy_in_xtb_output,,,,,,,,,,,,,,
368,61,0,-68.809632465124,-69.118588893755,193.87308603865657,3.178247312109124,13.200946459042285,0.478506821862133,,True,,,,,,,,,,,,,,,
369,50,0,-85.640131703358,-86.629214024801,620.6585273338114,12.413170546676229,7.539937979609103,3.069743792027525,,False,,,,,,,,,,,,,,,
370,17,0,-25.405053058822,-25.46992802679,40.70965702946158,2.394685707615387,3.673093726090797,0.7619159076887592,,True,,,,,,,,,,,,,,,
371,107,0,-163.679942061732,-170.893179912923,4526.375090292908,42.302570937316894,522.3252562726243,2.7226986055362543,,False,,,,,,,,,,,,,,,
372,12,0,-16.871074526501,-16.898683311071,17.32477388504153,1.4437311570867941,3.62889039712271,1.024161771576908,,True,,,,,,,,,,,,,,,
373,99,0,-90.636976937708,-100.637867625725,6275.653655800099,63.39044096767777,110.44001275460974,0.9326014584376682,,True,,,,,,,,,,,,,,,
374,152,0,,,,,,,,,single_point_failed,,,,,,,,,,,,,,
375,69,0,-85.243150387803,-86.060686076412,513.011389986847,7.434947680968797,4.6544140228901645,2.4205939430144556,,False,,,,,,,,,,,,,,,
376,51,0,-70.410917546276,-70.870825347411,288.59650240774255,5.658754949171422,19.28583507798745,1.9923863565872968,,True,,,,,,,,,,,,,,,
377,13,0,-18.149627899525,-18.189635148577,25.10492781133172,1.931148293179363,2.5972110842550147,0.6218633825883942,,True,,,,,,,,,,,,,,,
378,17,0,-18.292942974802,-18.322344087024,18.449476467297774,1.0852633216057515,1.7742592338836867,0.619966510461128,,True,,,,,,,,,,,,,,,
379,72,0,-113.390402036363,-115.824927262828,1527.6876444524007,21.21788395072779,39.99923886537834,3.1949659934923025,,False,,,,,,,,,,,,,,,
380,11,0,-13.03684858952,-13.140510105739,65.04858352316862,5.9135075930153285,3.4686896396828297,1.1219220595466792,,True,,,,,,,,,,,,,,,
381,11,0,-18.301967007199,-18.479557183318,111.43951801520738,10.130865274109762,11.282698143589032,0.7795742678726775,,True,,,,,,,,,,,,,,,
382,105,0,-167.015608513488,,,,47.488154473725245,,,False,no_energy_in_xtb_output,,,,,,,,,,,,,,
383,19,0,-24.159004749348,-24.269873958412,69.57147906954197,3.661656793133788,2.1443558445635835,0.6780795736135139,,True,,,,,,,,,,,,,,,
384,30,0,-45.416588411253,-45.6068127506,119.36757513763496,3.9789191712544985,9.785904004880765,2.1480583320350473,,True,,,,,,,,,,,,,,,
385,9,0,-5.053405720689,-9.357752852459,2701.0186048420064,300.1131783157785,1458.469135482062,0.4535230450742281,,True,,,,,,,,,,,,,,,
386,7,0,-9.964970596263,-9.987796542936,14.323497791765815,2.0462139702522593,2.6111859142036487,0.1775797072930955,,True,,,,,,,,,,,,,,,
387,54,0,-90.576224756699,,,,49.21648321936102,,,False,no_energy_in_xtb_output,,,,,,,,,,,,,,
388,8,0,-9.240006523536,-9.294140237997,33.96941869050464,4.24617733631308,2.140673643331545,0.5961402365659764,,True,,,,,,,,,,,,,,,
389,136,0,-55.930858800609,,,,70.5858753778248,,,False,no_energy_in_xtb_output,,,,,,,,,,,,,,
390,130,0,,,,,,,,,single_point_failed,,,,,,,,,,,,,,
391,11,0,-15.12433104285,-15.186884039721,39.25259816759203,3.5684180152356393,8.982095297094329,0.3524708620411055,,True,,,,,,,,,,,,,,,
392,21,0,-23.580802015638,-23.622637165384,26.251952814463145,1.2500929911649117,2.228373721474546,0.6061896169200385,,True,,,,,,,,,,,,,,,
393,17,0,-23.435061907881,-23.509782416367,46.88782698177676,2.75810746951628,2.3461283932785033,0.4663149264410284,,True,,,,,,,,,,,,,,,
394,117,0,-95.772411852464,-117.500660506504,13634.681885208902,116.5357426086231,387.5590495008919,1.2723401232860871,,False,,,,,,,,,,,,,,,
395,88,0,-120.296960799905,-122.529509766094,1400.9456275933774,15.91983667719747,29.1460111819659,2.5391974262556403,,False,,,,,,,,,,,,,,,
396,122,0,-41.657343635568,,,,69.8245356977492,,,False,no_energy_in_xtb_output,,,,,,,,,,,,,,
397,21,0,-25.436497108553,-25.530984456119,59.29170577675909,2.8234145607980516,8.58936759299482,1.18383460460354,,True,,,,,,,,,,,,,,,
398,66,0,-71.811822098335,-72.399695814253,368.8963262912203,5.589338277139702,12.744262730308911,2.313014768748075,,False,,,,,,,,,,,,,,,
399,14,0,-20.748458038898,-20.788475400968,25.11127382593804,1.7936624161384314,3.1904510478611154,0.9153716822122346,,True,,,,,,,,,,,,,,,
400,9,0,-16.530849068294,-16.558715186285,17.486253044712438,1.9429170049680486,3.520503607143075,0.35873695915103604,,True,,,,,,,,,,,,,,,
401,10,0,-12.960260582211,-13.093908420065,83.86528444143472,8.386528444143472,3.559058209920719,0.5768297410696904,,True,,,,,,,,,,,,,,,
402,78,0,-126.598869365091,-128.522346053683,1206.9998452310015,15.474356990141045,45.959326922708335,2.536777213917227,,False,,,,,,,,,,,,,,,
403,17,0,-18.298462869211,-18.736257079289,274.7200145139159,16.160000853759758,33.16453430106837,0.6750773782703505,,True,,,,,,,,,,,,,,,
404,81,0,-126.344094243782,-127.076597857021,459.6529570929278,5.674727865344788,9.170351614954406,2.399083571948421,,False,,,,,,,,,,,,,,,
405,4,0,-8.287866772859,-8.300178114186,7.725483321117609,1.9313708302794022,3.058794253469485,0.2450199650905534,,True,,,,,,,,,,,,,,,
406,8,0,-11.235506941561,-11.276056505528,25.44523555842002,3.1806544448025025,4.931277827021501,0.13715485346411496,,True,,,,,,,,,,,,,,,
407,13,0,-15.35845255691,-15.405202503708,29.336034527690984,2.256618040591614,6.01688057760294,0.5995405761591551,,True,,,,,,,,,,,,,,,
408,7,0,-8.365122858498,-8.382910123172,11.161677100603066,1.5945253000861523,2.9824034310523273,0.0880411153898603,,True,,,,,,,,,,,,,,,
409,56,0,-77.80652515162,-78.430136561528,391.3220678511226,6.987894068770046,5.382655465196436,1.9208126648645492,,False,,,,,,,,,,,,,,,
410,14,0,-20.710916281209,-20.75404959105,27.066560572926683,1.9333257552090488,3.7215293087798798,0.39802102756924596,,True,,,,,,,,,,,,,,,
411,93,0,-95.72590992691,-106.605524773622,6827.061390469334,73.40926226311112,290.02708347626606,1.455451508121552,,False,,,,,,,,,,,,,,,
412,8,0,-9.675627517746,-9.711291996922,22.379798570466644,2.7974748213083305,2.3198310107315776,0.20081679999821922,,True,,,,,,,,,,,,,,,
413,94,0,-69.23472689364,-96.888049381156,17352.721850238457,184.60342393870698,278.1367518568648,1.0433204049293965,,True,,,,,,,,,,,,,,,
414,112,0,-154.303462918534,-159.392038982812,3193.129689825177,28.510086516296223,68.18684673715052,1.794185532328711,,False,,,,,,,,,,,,,,,
415,110,0,-14.151955172566,,,,600.3376775125918,,,False,no_energy_in_xtb_output,,,,,,,,,,,,,,
416,114,0,-152.285796901591,,,,346.13625515123306,,,False,no_energy_in_xtb_output,,,,,,,,,,,,,,
417,133,0,,,,,,,,,single_point_failed,,,,,,,,,,,,,,
418,9,0,-13.279937232225,-13.400138178485,75.42723256949886,8.380803618833205,2.11080540058671,0.9358761370164016,,True,,,,,,,,,,,,,,,
419,101,0,-40.833901755796,-90.363295229205,31080.163649163216,307.72439256597244,693.8841384551432,1.1863763037613837,,False,,,,,,,,,,,,,,,
420,49,0,-60.105605038949,-60.871434064236,480.5649688801003,9.807448344491844,4.987440070273188,3.260270541091902,,False,,,,,,,,,,,,,,,
421,14,0,-15.181241035044,-15.21000651039,18.050608305543978,1.2893291646817127,1.1025374846095082,0.421749856396181,,True,,,,,,,,,,,,,,,
422,127,0,-49.049385594018,,,,459.8227077896819,,,False,no_energy_in_xtb_output,,,,,,,,,,,,,,
423,187,0,-86.023991689678,,,,42.20905435127547,,,False,no_energy_in_xtb_output,,,,,,,,,,,,,,
424,76,0,-99.907489260498,-101.064895980678,726.2836822572533,9.556364240227017,15.373607659108927,2.5600121364242288,,False,,,,,,,,,,,,,,,
425,7,0,-13.460668690039,-13.500337833796,24.892763535488044,3.556109076498292,5.150932219989261,0.1832433226755488,,True,,,,,,,,,,,,,,,
426,6,0,-14.553223861244,-14.592618066172,24.720236815503018,4.120039469250503,6.585595159995543,0.4728945622968196,,True,,,,,,,,,,,,,,,
427,14,0,-13.488687056721,-13.524518149432,22.484350142185605,1.6060250101561147,3.4210474311161563,1.0515495446877603,,True,,,,,,,,,,,,,,,
428,73,0,-69.607354720579,-79.417893067283,6156.205758216106,84.33158572898775,326.656417092282,0.8340713136235204,,True,,,,,,,,,,,,,,,
429,80,0,-101.46391150261,,,,13.80263098978169,,,False,no_energy_in_xtb_output,,,,,,,,,,,,,,
430,12,0,-19.209789542247,-19.262038360508,32.786628467377994,2.732219038948166,8.772645722546443,0.2643169465129021,,True,,,,,,,,,,,,,,,
431,61,0,-63.199501821389,-63.435395379143,148.0254423610884,2.4266465960834167,4.533081942943225,1.631926574056854,,False,,,,,,,,,,,,,,,
432,91,0,-97.580184900103,-104.478214425724,4328.578879694168,47.56680087576009,80.08089851486592,1.3247724269606953,,True,,,,,,,,,,,,,,,
433,141,0,-62.316195050559,-85.748104371338,14703.74509417628,104.28188010054099,63.134958225460565,1.4598583005627566,,False,,,,,,,,,,,,,,,
434,47,0,-55.551524651097,-56.387099300618,524.3310088613817,11.155978911944292,4.896428530606375,2.434819850062321,,False,,,,,,,,,,,,,,,
435,9,0,-11.768875506378,-11.822891489358,33.89554107078074,3.7661712300867487,3.2639988634760626,0.2578970350783837,,True,,,,,,,,,,,,,,,
436,87,0,-86.717304228654,-88.492220277957,1113.776636604282,12.802030305796345,114.6238510368525,1.5961031654134903,,False,,,,,,,,,,,,,,,
437,124,0,-34.24299981757,,,,591.2313403403793,,,False,no_energy_in_xtb_output,,,,,,,,,,,,,,
438,25,0,-25.927263116096,-26.118599040046,120.06510500724158,4.802604200289664,3.894054055166751,1.105775598795935,,True,,,,,,,,,,,,,,,
439,111,0,-15.114659787613,,,,994.4583658496215,,,False,no_energy_in_xtb_output,,,,,,,,,,,,,,
440,95,0,-119.615278664699,,,,203.2043421356777,,,False,no_energy_in_xtb_output,,,,,,,,,,,,,,
441,69,0,-90.305036613445,-90.763640877722,287.77852067955496,4.17070319825442,5.4693318189378575,2.3018798672962433,,False,,,,,,,,,,,,,,,
442,130,0,,,,,,,,,single_point_failed,,,,,,,,,,,,,,
443,36,0,-52.002245983025,-52.541959981703,338.6756474549265,9.407656873747959,5.379938727048701,2.426204261592977,,False,,,,,,,,,,,,,,,
444,67,0,-111.250200189276,,,,12.53214813379854,,,False,no_energy_in_xtb_output,,,,,,,,,,,,,,
445,20,0,-26.591002508019,-26.67533051296,52.916622029317274,2.6458311014658635,9.625404397423662,0.6257786204952674,,True,,,,,,,,,,,,,,,
446,100,0,-110.920621823955,-123.097120260985,7640.8681301508495,76.4086813015085,211.61179427065497,1.5867398465270073,,False,,,,,,,,,,,,,,,
447,9,0,-10.924358976055,-10.944748278482,12.7944804424806,1.4216089380534,1.5232494835448087,0.2252441011133954,,True,,,,,,,,,,,,,,,
448,105,0,-93.838615006968,-115.496933103931,13590.799798116574,129.43618855349118,558.4514996539974,1.1151837143369094,,False,,,,,,,,,,,,,,,
449,53,0,-72.553417900042,-73.912597543326,852.8981031144111,16.09241703989455,7.074893060314693,3.1484284405460845,,False,,,,,,,,,,,,,,,
450,51,0,-66.304041962164,-66.800647015862,311.6243760631037,6.110281883590268,6.791319485589546,3.0399866288475845,,False,,,,,,,,,,,,,,,
451,96,0,-88.958320856367,-96.904022617955,4986.003133476332,51.93753264037846,254.7939729950227,1.7115644410074866,,False,,,,,,,,,,,,,,,
452,19,0,-24.249581248334,-24.447052437655,123.91504215343552,6.521844323865028,6.465632368066076,0.602367324073422,,True,,,,,,,,,,,,,,,
453,135,0,-53.793544714902,,,,60.0776714216674,,,False,no_energy_in_xtb_output,,,,,,,,,,,,,,
454,115,0,-34.830513078727,,,,1838.615389429878,,,False,no_energy_in_xtb_output,,,,,,,,,,,,,,
455,21,0,-28.80354436974,-28.841665157295,23.921155349510354,1.1391026356909693,1.6557589798600838,0.49966464260534543,,True,,,,,,,,,,,,,,,
456,66,0,-73.666930317929,-74.076689919056,257.1280317955049,3.895879269628862,4.323775985272199,1.0870031583997983,,True,,,,,,,,,,,,,,,
457,47,0,-83.927383866328,-84.460553730546,334.569141081729,7.118492363441043,8.444067308619953,2.8443765584125176,,True,,,,,,,,,,,,,,,
458,62,0,-93.219485864997,-93.768913129735,344.77081393167003,5.5608195795430655,4.675151065350762,2.510015671484054,,False,,,,,,,,,,,,,,,
459,147,0,,,,,,,,,single_point_failed,,,,,,,,,,,,,,
460,20,0,-19.962090092979,-19.992115642384,18.841316715587116,0.9420658357793558,0.9703277096040875,0.6261163495665748,,True,,,,,,,,,,,,,,,
461,84,0,-171.02206070726,,,,101.17800510600965,,,False,no_energy_in_xtb_output,,,,,,,,,,,,,,
462,12,0,-15.788009052104,-15.828220350609,25.232970776266622,2.1027475646888854,3.284969293376429,0.2305684329381758,,True,,,,,,,,,,,,,,,
463,14,0,-20.170534937646,-20.323398207955,95.92315035516722,6.851653596797659,11.58521986894895,0.4918012698120907,,True,,,,,,,,,,,,,,,
464,143,0,-64.579682576286,,,,73.2517259701732,,,False,no_energy_in_xtb_output,,,,,,,,,,,,,,
465,7,0,-8.670255326284,-8.708566878938,24.040862256452925,3.4344088937789894,5.17503128976422,0.21628113817153546,,True,,,,,,,,,,,,,,,
466,12,0,-17.727124019922,-17.783808832998,35.57025724068592,2.964188103390493,1.7207265573989619,0.3563762689743893,,True,,,,,,,,,,,,,,,
467,19,0,-22.948087708433,-22.985799783791,23.66468457372534,1.2455097144065967,2.7462664382280995,1.1492450712720716,,True,,,,,,,,,,,,,,,
468,15,0,-20.133142498481,-20.148813945261,9.833981326726141,0.655598755115076,2.110805734710747,0.39579824600593694,,True,,,,,,,,,,,,,,,
469,121,0,-55.689389137093,,,,398.4230803630636,,,False,no_energy_in_xtb_output,,,,,,,,,,,,,,
470,108,0,-146.187671402148,,,,13.265720054135395,,,False,no_energy_in_xtb_output,,,,,,,,,,,,,,
471,14,0,-18.571337158122,-18.753880558714,114.54771329917537,8.18197952136967,8.340400411194413,0.5546474219546643,,True,,,,,,,,,,,,,,,
472,11,0,-17.248965608574,-17.263710063968,9.25228544963476,0.8411168590577055,1.4754505888418459,0.36260801497589373,,True,,,,,,,,,,,,,,,
473,6,0,-22.163914645851,-22.256856365116,58.321809374499985,9.720301562416664,5.710280414512838,0.23882127210100107,,True,,,,,,,,,,,,,,,
474,133,0,-51.997676425479,,,,108.04350414396052,,,False,no_energy_in_xtb_output,,,,,,,,,,,,,,
475,19,0,-23.376716758548,-23.440262242618,39.875393287851665,2.09870490988693,2.711651412770303,0.5577353142854115,,True,,,,,,,,,,,,,,,
476,20,0,-25.454142527464,-25.565945855923,70.15764783981145,3.5078823919905724,5.009700082473652,0.5312779308665094,,True,,,,,,,,,,,,,,,
477,17,0,-20.730322849902,-20.740351824694,6.293276697120105,0.37019274688941795,2.37562670130274,0.22153162490303613,,True,,,,,,,,,,,,,,,
478,15,0,-19.226369407377,-19.25721457771,19.35563661304669,1.2903757742031128,1.9507221349871848,0.7820483187015317,,True,,,,,,,,,,,,,,,
479,15,0,-19.234429667867,-19.289363434242,34.4714588462798,2.2980972564186533,2.205917580451778,1.0283687096273495,,True,,,,,,,,,,,,,,,
480,33,0,-40.792563794981,-41.190282930965,249.572525846149,7.5628038135196665,4.610367564846599,1.5625122145508978,,True,,,,,,,,,,,,,,,
481,34,0,-37.749370705678,-37.970872248945,138.99431691964196,4.0880681446953515,2.8896025462941157,2.038812915127035,,False,,,,,,,,,,,,,,,
482,39,0,-48.219975133315,-49.046157988035,518.4375686452948,13.293270990904997,3.859435496575677,1.9847296859017274,,True,,,,,,,,,,,,,,,
483,63,0,-81.870748397497,,,,6.489079599327671,,,False,no_energy_in_xtb_output,,,,,,,,,,,,,,
484,63,0,-105.499465891685,-106.278456075409,488.8237204889592,7.759106674427924,5.911911510588579,2.9218506895915795,,False,,,,,,,,,,,,,,,
485,46,0,-55.871120002741,-56.174837652207,190.58570248009167,4.143167445219384,9.509276640929293,2.1131212684377965,,True,,,,,,,,,,,,,,,
486,84,0,-108.550536625132,-109.618880286937,670.3957693379034,7.9809020159274215,8.272060738293122,2.545642072701734,,False,,,,,,,,,,,,,,,
487,53,0,-68.327961370833,-68.769427800531,277.02436711631316,5.226874851251192,13.259513447038449,1.0378422386503303,,True,,,,,,,,,,,,,,,
488,104,0,,,,,,,,,single_point_failed,,,,,,,,,,,,,,
489,15,0,-15.736061892254,-15.791885565399,35.02988377548902,2.335325585032601,1.9502219103335179,0.45838083288674436,,True,,,,,,,,,,,,,,,
490,37,0,-47.205850398381,-47.383675261255,111.58678617740496,3.01585908587581,3.1870032682572287,0.6180544697122288,,True,,,,,,,,,,,,,,,
491,17,0,-18.143191021802,-18.30743566763,103.06507132120787,6.062651254188698,3.0399264645660797,1.333738316332733,,True,,,,,,,,,,,,,,,
492,114,0,-42.650894616196,-84.331746855312,26155.12966706947,229.43096199183745,134.24177743138281,1.4571851031330822,,False,,,,,,,,,,,,,,,
493,12,0,-20.875110819617,-20.952162735905,48.35080746543641,4.0292339554530345,9.046093744115737,0.5555630620684029,,True,,,,,,,,,,,,,,,
494,7,0,-6.700543693674,-6.735319188569,21.821952511845666,3.1174217874065238,2.5687598842166244,0.16391968482692187,,True,,,,,,,,,,,,,,,
495,107,0,,,,,,,,,single_point_failed,,,,,,,,,,,,,,
496,15,0,-22.289271103241,-22.426166248255,85.90300044952801,5.7268666966352,14.209058841308398,0.6404943598834953,,True,,,,,,,,,,,,,,,
497,52,0,-54.14784883197,-55.207093429365,664.686020215517,12.78242346568302,15.787112244483557,1.1507912138940866,,True,,,,,,,,,,,,,,,
498,9,0,-16.915850350405,-16.98284194528,42.037860466658785,4.67087338518431,4.013175523132897,0.4916651242771426,,True,,,,,,,,,,,,,,,
499,15,0,-18.940198135206,-19.000321676858,37.72809200085773,2.515206133390515,2.0297653665970867,0.5663943095575563,,True,,,,,,,,,,,,,,,
__summary__,,,,,,,,,,,,500,412,412,0.17600000000000005,90.3346456515142,1963.201242268309,4506.595469233041,5.173526062411611,22.255917767001545,49.01191092333888,5.15489571713267,0.9369360604927254,nan,0.568
