index,n_atoms,charge,E_before_hartree,max_force_evA,failure_reason,converged,steps,E_after_hartree,delta_E_kcalmol,delta_E_kcal_per_atom,rmsd_A,n_total,n_ok,n_dE,failure_rate,delta_E_kcal_median,delta_E_kcal_mean,delta_E_kcal_p90,delta_E_per_atom_median,delta_E_per_atom_mean,delta_E_per_atom_p90,max_force_evA_median,rmsd_A_median,steps_median,convergence_rate
0,109,0,-159.056909871751,192.0044844613611,no_energy_in_xtb_output,False,,,,,,,,,,,,,,,,,,,
1,178,0,,,single_point_failed,,,,,,,,,,,,,,,,,,,,
2,75,0,-82.645780814075,7.385241749977798,,False,,-83.21564011357,357.5921093160788,4.7678947908810505,1.9880532637393704,,,,,,,,,,,,,,
3,19,0,-24.819869822609,10.651591527415546,,True,,-24.964072099427,90.48829488476447,4.762541836040235,0.5471271045316769,,,,,,,,,,,,,,
4,40,0,-61.616089090219,2.765621500400908,,True,,-61.941621542497,204.27469791944168,5.106867447986042,1.6433753472204355,,,,,,,,,,,,,,
5,65,0,-112.115111789018,15.339101914993325,,False,,-113.360239629775,781.329516494744,12.020454099919139,2.3960108257226858,,,,,,,,,,,,,,
6,18,0,-25.92414253795,4.174755772509491,,True,,-26.017231528797,58.41422368746616,3.2452346493036757,0.7838093589040631,,,,,,,,,,,,,,
7,19,0,-28.036709949308,4.614109193897904,,True,,-28.174373082375,86.38492022875002,4.5465747488815795,1.093768071562172,,,,,,,,,,,,,,
8,59,0,-101.089066375782,14.03572268690378,,False,,-101.426342161612,211.6437509804033,3.5871822200068357,2.7718446097434724,,,,,,,,,,,,,,
9,88,0,-116.005141592677,28.29874170393846,,False,,-117.811060166225,1133.2310142878885,12.877625162362369,2.146634565539338,,,,,,,,,,,,,,
10,57,0,-61.468049367333,5.585985686866168,,False,,-62.036917036532,356.9698519105668,6.262628980887136,2.7859829091456016,,,,,,,,,,,,,,
11,48,0,-51.946948931278,6.435487734409603,,True,,-52.45372898171,318.009282912255,6.625193394005312,1.4226271338789556,,,,,,,,,,,,,,
12,46,0,-77.164989339339,8.274515449281193,,True,,-77.99697408477,522.0783100339295,11.349528478998467,1.3959757791325618,,,,,,,,,,,,,,
13,8,0,-14.817990691501,9.154982584027055,,True,,-14.860328626842,26.56745553874792,3.32093194234349,0.2594311872601823,,,,,,,,,,,,,,
14,80,0,-119.294394547362,40.888991377317424,,False,,-121.062479690369,1109.490178187103,13.868627227338788,2.304801082745193,,,,,,,,,,,,,,
15,16,0,-17.814530234573,3.238924967216396,,True,,-17.888760902171,46.5804471837749,2.9112779489859313,1.0573393742465191,,,,,,,,,,,,,,
16,119,0,-133.818084580335,49.67177928736949,,False,,-142.487352908688,5440.0480092366715,45.71468915324934,1.3483913654043105,,,,,,,,,,,,,,
17,4,0,-15.360120152911,4.315786888931309,,True,,-15.400455399325,25.310749263455303,6.327687315863826,0.1078766090922453,,,,,,,,,,,,,,
18,65,0,-82.767473762049,4.76298830075195,,False,,-83.467130618529,439.04130603440933,6.754481631298605,2.7406089066513166,,,,,,,,,,,,,,
19,33,0,-43.570789238419,3.8868328545660655,,True,,-43.6966694089,78.99099957350371,2.3936666537425366,0.6638293064600984,,,,,,,,,,,,,,
20,16,0,-19.800274993395,4.244202112412203,,True,,-19.852253400922,32.61694316990455,2.0385589481190345,0.631661282503242,,,,,,,,,,,,,,
21,15,0,-22.434055554991,2.3548998010275985,,True,,-22.539645308235,66.25857052459314,4.417238034972876,1.1852007463074867,,,,,,,,,,,,,,
22,44,0,-69.500572498837,9.671585916363425,,True,,-69.943700119385,278.0667801129068,6.319699548020609,2.0389350133816713,,,,,,,,,,,,,,
23,87,0,,,single_point_failed,,,,,,,,,,,,,,,,,,,,
24,51,0,-65.469016518309,4.098479229179613,,False,,-65.721112951428,158.19290015968275,3.101821571758485,2.834020536199802,,,,,,,,,,,,,,
25,21,0,-28.342004607776,2.820964499747939,,True,,-28.365353052471,14.65137025075046,0.6976842976547838,0.3222480140871024,,,,,,,,,,,,,,
26,21,0,-23.613835126178,2.160568654773183,,True,,-23.667307519072,33.55443314181006,1.5978301496100027,0.6871497262678448,,,,,,,,,,,,,,
27,7,0,-20.816847577283,22.90571774644913,,True,,-20.921314012455,65.55367779202875,9.364811113146965,0.26272715678028913,,,,,,,,,,,,,,
28,10,0,-13.773160871211,1.554079350595871,,True,,-13.783794987547,6.673008749129166,0.6673008749129166,0.6406477317807754,,,,,,,,,,,,,,
29,119,0,-254.945447439581,35.7827015365735,no_energy_in_xtb_output,False,,,,,,,,,,,,,,,,,,,
30,20,0,-28.505074632078,4.954855891985041,,True,,-28.594673842703,56.22435353576259,2.8112176767881296,0.7365452439649066,,,,,,,,,,,,,,
31,50,0,-86.718137047239,198.45046280923276,,False,,-88.542025287294,1144.5071502667852,22.890143005335702,2.9072164251280634,,,,,,,,,,,,,,
32,14,0,-16.009157042335,2.025919086973499,,True,,-16.033318092761,15.16128804563055,1.082949146116468,0.25253558057639625,,,,,,,,,,,,,,
33,9,0,-22.319856807352,2.6596456550966567,,True,,-22.340495860358,12.95120129695585,1.4390223663284276,0.22075737193899353,,,,,,,,,,,,,,
34,14,0,-22.514331288669,6.382278852353596,,True,,-22.658078267877,90.20259132097156,6.443042237212254,0.4935022055719755,,,,,,,,,,,,,,
35,20,0,-22.220319501609,2.52983795676374,,True,,-22.36794887967,92.63883338331932,4.6319416691659665,0.5780732060192346,,,,,,,,,,,,,,
36,21,0,-35.80736747868,4.061436367945918,,True,,-35.84740524706,25.124078978795936,1.196384713275997,0.43812090801987164,,,,,,,,,,,,,,
37,45,0,-51.102452027629,6.33331294040069,,False,,-51.245533889638,89.78522397723538,1.9952271994941195,1.8431843201731932,,,,,,,,,,,,,,
38,17,0,-32.455139252356,7.497349350903041,,True,,-32.516699069067,38.62936820774273,2.272315776926043,0.7982340686083625,,,,,,,,,,,,,,
39,46,0,-70.848563960029,8.634846329351685,,False,,-71.21046177708,227.0943088422582,4.936832800918657,2.1308192555426753,,,,,,,,,,,,,,
40,44,0,-48.613549767971,2.9257674619856053,,False,,-49.049955123266,273.8484949794865,6.223829431351965,2.901598488785757,,,,,,,,,,,,,,
41,12,0,-18.088088612989,1.8607178118769965,,True,,-18.103717521925,9.807288426608189,0.8172740355506823,0.1790094218301129,,,,,,,,,,,,,,
42,25,0,-36.347635738892,5.979089239774353,,True,,-36.462033650501,71.78577334767846,2.8714309339071384,0.6377840480973809,,,,,,,,,,,,,,
43,71,0,,,single_point_failed,,,,,,,,,,,,,,,,,,,,
44,87,0,-141.358707479996,29.984864119859925,no_energy_in_xtb_output,False,,,,,,,,,,,,,,,,,,,
45,6,0,-11.335374277348,9.950615863850194,,True,,-11.366051017991,19.249945386858478,3.2083242311430795,0.2972694871258101,,,,,,,,,,,,,,
46,80,0,-103.05708795407,26.995695707457546,,False,,-104.300200048022,780.0646162773029,9.750807703466286,2.0710381824281265,,,,,,,,,,,,,,
47,13,0,-19.535471871782,3.2643485523049334,,True,,-19.591870731488,35.390818791870835,2.7223706762977566,0.4744673545697226,,,,,,,,,,,,,,
48,138,0,-96.345596887654,43.54113671141939,,False,,-106.361162578557,6284.862359142972,45.542480863354875,1.1347098868726702,,,,,,,,,,,,,,
49,11,0,-17.525721472895,6.839850284639542,,True,,-17.575127878124,31.002987360598166,2.818453396418015,0.3117708538601249,,,,,,,,,,,,,,
50,95,0,-106.166926817493,59.37822389970434,,False,,-108.501979716993,1465.2678168747611,15.423871756576434,2.2493659989101724,,,,,,,,,,,,,,
51,6,0,-8.655909132416,11.66672778636116,,True,,-8.68850093035,20.451661980335043,3.4086103300558404,0.09082646592204033,,,,,,,,,,,,,,
52,25,0,-32.524740057106,2.9138901114345863,,True,,-32.574573824014,31.27116086302318,1.2508464345209271,2.7292000505839,,,,,,,,,,,,,,
53,117,0,-112.780122605861,546.2075747423448,,False,,-124.39046244212,7285.598244344745,62.270070464484995,1.1318922300124348,,,,,,,,,,,,,,
54,13,0,-13.901651016689,2.395591025394045,,True,,-13.918521896009,10.586636609075704,0.8143566622365926,0.5764825223222275,,,,,,,,,,,,,,
55,13,0,-16.558371175805,3.451210009102142,,True,,-16.590031245334,19.866993578943912,1.5282302753033778,1.023851281639643,,,,,,,,,,,,,,
56,98,0,-117.038774372602,292.30647257211336,no_energy_in_xtb_output,False,,,,,,,,,,,,,,,,,,,
57,96,0,-100.267597355744,97.38143397348924,no_energy_in_xtb_output,False,,,,,,,,,,,,,,,,,,,
58,169,0,-139.520234328834,68.98522915184768,no_energy_in_xtb_output,False,,,,,,,,,,,,,,,,,,,
59,17,0,-22.200419200522,3.7373962687287796,,True,,-22.256175100277,34.987355331176545,2.058079725363326,0.7413235895157242,,,,,,,,,,,,,,
60,82,0,-90.934806925309,27.55730562189481,,False,,-91.971040636133,650.2464708856181,7.929835010800221,2.71741450978238,,,,,,,,,,,,,,
61,14,0,-18.705739201905,2.350333763866529,,True,,-18.73627628185,19.162306975709086,1.368736212550649,0.6304635323047694,,,,,,,,,,,,,,
62,18,0,-20.043701067251,1.9059560480527347,,True,,-20.064885943625,13.293710631541032,0.7385394795300573,0.8326478456822406,,,,,,,,,,,,,,
63,14,0,-18.732348319814,6.711265872118167,,True,,-18.816384506613,52.73350338050923,3.7666788128935162,0.32671622337072287,,,,,,,,,,,,,,
64,35,0,-45.853127976194,7.216638063273031,,False,,-46.074521207866,138.9263503676244,3.96932429621784,1.862434603754651,,,,,,,,,,,,,,
65,73,0,,,single_point_failed,,,,,,,,,,,,,,,,,,,,
66,84,0,-147.416757484041,7.213747944441529,,False,,-148.280081915301,541.7442598057856,6.449336426259353,3.0157755281133527,,,,,,,,,,,,,,
67,92,0,-95.094222696811,50.21250884358233,no_energy_in_xtb_output,False,,,,,,,,,,,,,,,,,,,
68,17,0,-23.855380837911,1.9124841638559302,,True,,-23.871657890459,10.214004683694206,0.6008238049231887,0.38883154980935175,,,,,,,,,,,,,,
69,111,0,-108.855509142701,174.58900962987067,,False,,-122.459227289507,8536.462019604884,76.90506323968364,1.0661648554617973,,,,,,,,,,,,,,
70,127,0,-124.194887101173,69.22286415764073,,False,,-131.247974467665,4425.879143868486,34.84944207770461,1.246109660363299,,,,,,,,,,,,,,
71,15,0,-25.418932011613,3.4196168746000812,,True,,-25.469252956954,31.576869945290767,2.1051246630193843,0.8622553885179658,,,,,,,,,,,,,,
72,62,0,-72.052120195629,9.32407127548895,,False,,-72.396897884326,216.3512661029415,3.489536550047444,2.5473839714332187,,,,,,,,,,,,,,
73,107,0,-158.380264466707,30.23166071803791,,False,,-163.160953473801,2999.927644500798,28.036706957951385,1.4147851286135513,,,,,,,,,,,,,,
74,13,0,-16.664961311037,1.658851129730979,,True,,-16.685305890354,12.76641626724643,0.9820320205574178,0.34066807020509765,,,,,,,,,,,,,,
75,36,0,-44.965749419715,5.880321824076268,,True,,-45.161169245974,122.62779239728643,3.4063275665912895,1.7787389139746557,,,,,,,,,,,,,,
76,69,0,-103.830698994977,34.55182491948298,,False,,-104.831253856158,627.8576547109682,9.09938630015896,2.396772211937106,,,,,,,,,,,,,,
77,42,0,-58.95437488489,15.768189329816154,,True,,-59.601736740463,406.225697519123,9.672040417121977,1.68541196490171,,,,,,,,,,,,,,
78,60,0,-99.388431445866,29.14254486180597,,False,,-100.676871342241,808.5082417361888,13.475137362269813,2.866677970402369,,,,,,,,,,,,,,
79,78,0,-87.301279636833,147.34504845501786,,False,,-91.980187624183,2936.0590903316374,37.641783209379966,1.8469395169695502,,,,,,,,,,,,,,
80,169,0,-127.43153730967,59.98772276602246,,False,,-141.741347688549,8979.541584793056,53.133382158538794,1.0695013485913152,,,,,,,,,,,,,,
81,26,0,-28.910191737974,5.170445269195881,,True,,-28.999904243969,56.295447453804684,2.1652095174540262,0.6506234346806229,,,,,,,,,,,,,,
82,61,0,-76.927501577393,3.7726893306179687,,False,,-77.804880267438,550.5634403443046,9.025630169578763,2.180096126498338,,,,,,,,,,,,,,
83,126,0,-104.238749732969,190.49219378977742,no_energy_in_xtb_output,False,,,,,,,,,,,,,,,,,,,
84,66,0,-77.144159871867,7.169447618756725,,False,,-77.729538652542,367.3307307890684,5.565617133167703,2.5769319643610884,,,,,,,,,,,,,,
85,11,0,-22.198452185491,17.828978374837494,,True,,-22.273214797379,46.91424726542341,4.264931569583947,0.624872199675594,,,,,,,,,,,,,,
86,11,0,-17.095460644183,10.720026164345963,,True,,-17.164747816593,43.47835711831853,3.9525779198471387,0.3646770919593259,,,,,,,,,,,,,,
87,15,0,-24.836448626114,2.3354085720949462,,True,,-24.868469119605,20.093163029778466,1.339544201985231,0.6464427700947426,,,,,,,,,,,,,,
88,58,0,-91.169118625237,11.739239186270842,,False,,-92.1305473824,603.3056537564887,10.401821616491185,2.616600161223749,,,,,,,,,,,,,,
89,57,0,-59.349456943372,12.791557561712183,,False,,-59.624962700805,172.88247294813937,3.0330258411954274,2.064723966408284,,,,,,,,,,,,,,
90,9,0,-17.517227543311,20.279903848708642,,True,,-17.622352481512,65.96689468142401,7.329654964602668,1.177003038793245,,,,,,,,,,,,,,
91,16,0,-22.965886241589,2.994067143672019,,True,,-23.020934496271,34.54330134359294,2.1589563339745586,1.3209310068528581,,,,,,,,,,,,,,
92,103,0,-114.181679579038,330.34384862592475,,False,,-127.466376644777,8336.273268809486,80.93469193018917,1.321508985856601,,,,,,,,,,,,,,
93,86,0,-107.730651795775,375.0267549385967,no_energy_in_xtb_output,False,,,,,,,,,,,,,,,,,,,
94,106,0,-142.256760955153,373.04349924585165,no_energy_in_xtb_output,False,,,,,,,,,,,,,,,,,,,
95,170,0,,,single_point_failed,,,,,,,,,,,,,,,,,,,,
96,117,0,-118.952414861054,54.931209149350664,no_energy_in_xtb_output,False,,,,,,,,,,,,,,,,,,,
97,74,0,-85.258198634459,27.46358845321918,,True,,-86.153446942332,561.7767948292601,7.5915783085035144,1.8163320155518288,,,,,,,,,,,,,,
98,4,0,-14.490554821532,4.613314158258972,,True,,-14.589333280829,61.98441904222479,15.496104760556198,0.6302012039443216,,,,,,,,,,,,,,
99,54,0,,,single_point_failed,,,,,,,,,,,,,,,,,,,,
100,54,0,-82.25571730843,4.57973223071063,,False,,-82.673997368452,262.4747004754955,4.860642601398065,2.637447075285505,,,,,,,,,,,,,,
101,116,0,-181.806175616481,41.60019244332255,no_energy_in_xtb_output,False,,,,,,,,,,,,,,,,,,,
102,72,0,-79.061434034299,4.461432436846535,,False,,-79.50609171656,279.02690833371435,3.8753737268571435,2.8471025723719476,,,,,,,,,,,,,,
103,15,0,-19.195123069288,4.516130519430026,,True,,-19.240432240294,28.431934068207934,1.8954622712138622,0.7484722387047599,,,,,,,,,,,,,,
104,4,0,-15.389640357588,2.7162646202138445,,True,,-15.400455375743,6.786526354427047,1.6966315886067618,0.04986436533540974,,,,,,,,,,,,,,
105,6,0,-20.35307145408,5.019304747506481,,True,,-20.428566718733,47.373993816658604,7.895665636109768,1.0546185964015127,,,,,,,,,,,,,,
106,79,0,-90.551949990165,7.600405653871229,,False,,-91.428898327345,550.2933898443297,6.96573911195354,2.3127676373812753,,,,,,,,,,,,,,
107,46,0,-53.260277186453,4.723303865262117,,True,,-53.656276488747,248.49331391185876,5.402028563301277,1.775416372660989,,,,,,,,,,,,,,
108,12,0,-18.829817418717,11.308303245007584,,False,,-18.901450961204,44.95072657129385,3.745893880941154,1.6552051650847581,,,,,,,,,,,,,,
109,34,0,-50.215859999559,3.4291038140059835,,True,,-50.301997050349,54.05181543857979,1.5897592776052878,0.5510454017422963,,,,,,,,,,,,,,
110,74,0,-94.786419215676,8.4150090165418,,False,,-95.348148445584,352.490413625437,4.76338396791131,2.6526897231190576,,,,,,,,,,,,,,
111,113,0,-88.273835655595,89.7383479839761,,False,,-100.268795291274,7526.950812393049,66.61018418046946,1.1656075764383786,,,,,,,,,,,,,,
112,77,0,-96.022264481762,22.812452823834125,,False,,-97.091601762554,671.0192746658614,8.714536034621577,2.435776928510861,,,,,,,,,,,,,,
113,37,0,-87.190499127642,12.6387717441799,,False,,-87.67415198885,303.49675256574574,8.202614934209345,2.305990478150811,,,,,,,,,,,,,,
114,17,0,-23.888785254706,2.2455119832089463,,True,,-23.921385201661,20.45677556821646,1.2033397393068506,0.6540683990879163,,,,,,,,,,,,,,
115,55,0,-88.017112623065,8.537502527507423,,False,,-88.843166127224,518.3563999427897,9.424661817141631,2.152502180639256,,,,,,,,,,,,,,
116,14,0,-13.626438313158,1.724237814418789,,True,,-13.665126238865,24.27703991299205,1.734074279499432,0.287015191963489,,,,,,,,,,,,,,
117,42,0,-53.356629850095,8.27014048868825,,True,,-53.513995935906,98.74870974263303,2.351159755776977,1.4672978139037742,,,,,,,,,,,,,,
118,75,0,-114.585968828471,4.889364383086561,,False,,-115.338449051901,472.18846924744224,6.295846256632563,3.2301796452211677,,,,,,,,,,,,,,
119,8,0,-10.460653429217,1.4589897857950964,,True,,-10.46789730157,4.545598530410949,0.5681998163013686,0.135740838147529,,,,,,,,,,,,,,
120,45,0,-62.330855564771,35.50230678944884,no_energy_in_xtb_output,False,,,,,,,,,,,,,,,,,,,
121,90,0,-107.866205275637,33.44594665721922,,False,,-108.724529361143,538.6064954715604,5.984516616350671,1.8027034536314752,,,,,,,,,,,,,,
122,111,0,-169.608952159847,19.12599573782145,no_energy_in_xtb_output,False,,,,,,,,,,,,,,,,,,,
123,56,0,-86.746093996981,4.561095372238904,,False,,-87.23001919227,303.66764478168574,5.422636513958674,2.3846037335738126,,,,,,,,,,,,,,
124,35,0,-47.813020561055,7.191587234246859,,True,,-47.973066199542,100.43015443306953,2.8694329838019867,1.288762093047203,,,,,,,,,,,,,,
125,94,0,-115.108846726123,21.78313471451359,,False,,-116.715905250549,1008.4444494511774,10.728132440969972,2.0649575055891423,,,,,,,,,,,,,,
126,106,0,-260.366295973602,83.81994458892233,,False,,-266.104068105912,3600.5063730397596,33.96704125509207,1.1197860096529015,,,,,,,,,,,,,,
127,22,0,-28.047897288665,1.8847256865822322,,True,,-28.100273367196,32.86648549247607,1.4939311587489124,0.7762573866067914,,,,,,,,,,,,,,
128,20,0,-37.954656350848,2.229929553626095,,True,,-37.991012565084,22.813868874158374,1.1406934437079186,0.6765915464407679,,,,,,,,,,,,,,
129,20,0,-23.902570492008,14.531743427534032,,True,,-24.287685599193,241.6633783634145,12.083168918170724,1.8552635465931206,,,,,,,,,,,,,,
130,80,0,-57.348547939621,328.44725151320546,no_energy_in_xtb_output,False,,,,,,,,,,,,,,,,,,,
131,136,0,-117.553019750916,48.21046861139643,,False,,-125.716171769433,5122.455229836743,37.6651119840937,1.2129051393389656,,,,,,,,,,,,,,
132,35,0,-41.007129064686,3.3117240720266232,,True,,-41.310720914884,190.50676224759263,5.443050349931218,1.507323491178944,,,,,,,,,,,,,,
133,48,0,-68.986993067215,7.5997026472336415,,False,,-69.143018382571,97.90736357957543,2.0397367412411547,2.3599951767998317,,,,,,,,,,,,,,
134,33,0,-46.566289812891,4.537660937726158,,False,,-46.711481387027,91.10908832447477,2.7608814643780235,2.5540226207895755,,,,,,,,,,,,,,
135,40,0,-45.865239405759,55.097944161881784,,True,,-47.053809736583,745.8391431823728,18.64597857955932,1.018894452930728,,,,,,,,,,,,,,
136,7,0,,,single_point_failed,,,,,,,,,,,,,,,,,,,,
137,53,0,-76.610833750737,7.360809690157596,,False,,-77.259398543905,406.98055225669,7.678878344465849,2.5711215003688674,,,,,,,,,,,,,,
138,89,0,-111.99874407584,221.4376116151935,no_energy_in_xtb_output,False,,,,,,,,,,,,,,,,,,,
139,122,0,,,single_point_failed,,,,,,,,,,,,,,,,,,,,
140,7,0,-14.998418517406,2.466187800968413,,True,,-15.011081979532,7.946442458503969,1.1352060655005671,0.6060509740682993,,,,,,,,,,,,,,
141,114,0,-162.754245347911,120.31055158724378,no_energy_in_xtb_output,False,,,,,,,,,,,,,,,,,,,
142,19,0,-26.963883634991,2.6482896615892724,,True,,-26.994190370123,19.01776342325162,1.000934917013243,0.4783278144496193,,,,,,,,,,,,,,
143,17,0,-23.537574658481,2.5475185966966567,,True,,-23.568987818185,19.712055324518282,1.1595326661481342,0.4933722468560886,,,,,,,,,,,,,,
144,15,0,-18.11700970973,15.633184599629288,,True,,-18.184631361989,42.433227444322696,2.8288818296215132,0.22105819902731147,,,,,,,,,,,,,,
145,3,0,-10.892559776917,2.9022882767443923,,True,,-10.90499090045,7.800647790206339,2.6002159300687797,0.10161316607822408,,,,,,,,,,,,,,
146,101,0,-162.012333391244,34.36268323636236,,False,,-164.486616551689,1552.6361246940253,15.372634897960646,2.241569902774963,,,,,,,,,,,,,,
147,32,0,-42.049670445957,3.942511140602134,,True,,-42.136455887053,54.45868649848821,1.7018339530777566,1.508399237979391,,,,,,,,,,,,,,
148,78,0,-116.409412927021,39.63902461763616,no_energy_in_xtb_output,False,,,,,,,,,,,,,,,,,,,
149,50,0,-81.245306142489,5.437972265940546,,False,,-81.849066005426,378.86503405200415,7.577300681040083,3.1095788469984744,,,,,,,,,,,,,,
150,11,0,-12.027899038923,2.065338090499712,,True,,-12.042242601607,9.00072147602854,0.8182474069116854,0.4792516485603357,,,,,,,,,,,,,,
151,13,0,-21.803372549082,3.2804050173118475,,True,,-21.847173835057,27.48572192545989,2.1142863019584532,0.3009362114716562,,,,,,,,,,,,,,
152,7,0,-17.420026795101,4.764595872205535,,True,,-17.457397559875,23.450508948670674,3.3500727069529534,0.18495975080740032,,,,,,,,,,,,,,
153,37,0,-38.067667423904,3.0096992219325904,,True,,-38.342646863557,172.5522035548213,4.663573069049224,1.7573980645761191,,,,,,,,,,,,,,
154,13,0,-16.685695837025,3.3485579156458747,,True,,-16.696958738395,7.067577315112899,0.543659793470223,0.32536463592761083,,,,,,,,,,,,,,
155,82,0,-106.266828547187,198.9990473674439,no_energy_in_xtb_output,False,,,,,,,,,,,,,,,,,,,
156,85,0,-103.403856792471,266.9741296273686,no_energy_in_xtb_output,False,,,,,,,,,,,,,,,,,,,
157,58,0,-69.79119277557,8.111933582431924,no_energy_in_xtb_output,False,,,,,,,,,,,,,,,,,,,
158,105,0,-82.854860594942,70.3697832465922,,False,,-93.788481403091,6860.950642926947,65.34238707549473,1.1178593357208813,,,,,,,,,,,,,,
159,97,0,-146.405053494071,92.78056499169064,no_energy_in_xtb_output,False,,,,,,,,,,,,,,,,,,,
160,99,0,,,single_point_failed,,,,,,,,,,,,,,,,,,,,
161,26,0,-35.195856224228,3.3706955940398338,,True,,-35.510517297641,197.4528046855217,7.594338641750834,1.7817698733712013,,,,,,,,,,,,,,
162,57,0,-73.069983565661,3.8600207210713258,,False,,-73.469745580532,250.85445170210718,4.4009552930194245,2.485428787963796,,,,,,,,,,,,,,
163,18,0,-25.837714693859,8.763815071547462,,True,,-26.041479771587,127.8645167575244,7.103584264306911,1.3290314109738448,,,,,,,,,,,,,,
164,100,0,-204.034757117108,30.62689236089148,,False,,-206.401732977601,1485.2997773380157,14.852997773380157,3.3207716047301488,,,,,,,,,,,,,,
165,67,0,-82.053691333371,4.287053581449741,,False,,-82.368262587751,197.39644239136268,2.94621555808004,1.934028801047413,,,,,,,,,,,,,,
166,113,0,-173.769210296724,57.83082742869273,no_energy_in_xtb_output,False,,,,,,,,,,,,,,,,,,,
167,55,0,-80.652129395404,8.329599107431811,,False,,-81.523027105968,546.4965643187701,9.936301169432184,1.939354941751611,,,,,,,,,,,,,,
168,11,0,-15.576851154257,2.875289070622294,,True,,-15.62452909362,29.918358654088518,2.7198507867353197,0.3936484678455394,,,,,,,,,,,,,,
169,75,0,-78.331743044776,751.2021469429253,no_energy_in_xtb_output,False,,,,,,,,,,,,,,,,,,,
170,5,0,-17.357078833433,28.271795679909154,,True,,-17.462789659843,66.33454508331488,13.266909016662975,0.12992693379174727,,,,,,,,,,,,,,
171,13,0,-29.881317374077,4.994390186649819,,True,,-29.934461582792,33.34849446024956,2.5652688046345817,0.8704975265701425,,,,,,,,,,,,,,
172,11,0,-17.153758463752,6.089498475087254,,True,,-17.182266770899,17.889232824243166,1.626293893113015,0.41723147577599795,,,,,,,,,,,,,,
173,6,0,-10.727019406903,2.843739378949292,,True,,-10.741618101369,9.160819086366807,1.5268031810611344,0.331484103103693,,,,,,,,,,,,,,
174,86,0,-67.819673453258,69.93703209909961,,False,,-75.80013734301,5007.816698237832,58.230426723695714,1.2921766306278697,,,,,,,,,,,,,,
175,13,0,-22.884981583445,16.22171879173232,,True,,-22.98154210744,60.59264362735899,4.6609725867199225,0.34535105670328126,,,,,,,,,,,,,,
176,118,0,-192.528495014651,27.014618640329388,no_energy_in_xtb_output,False,,,,,,,,,,,,,,,,,,,
177,56,0,-60.65668750019,8.347576662811266,,True,,-61.215121117938,350.42238577219797,6.257542603074964,1.8864042684483133,,,,,,,,,,,,,,
178,60,0,-84.708028415688,4.205525164791078,,False,,-85.362557514232,410.72321038633356,6.845386839772226,3.1727339851900216,,,,,,,,,,,,,,
179,125,0,-160.325227528988,293.78713163040976,no_energy_in_xtb_output,False,,,,,,,,,,,,,,,,,,,
180,97,0,-115.100944411681,55.27288650651302,,False,,-116.978128742963,1177.950952442257,12.14382425198203,2.786510080088469,,,,,,,,,,,,,,
181,8,0,-15.922274591148,4.824674849489301,,True,,-15.943592568137,13.37723252845649,1.6721540660570613,0.43162768901337273,,,,,,,,,,,,,,
182,6,0,-15.28318789297,17.285925836883305,,True,,-15.37889485894,60.05702788001017,10.009504646668361,0.09372133874652737,,,,,,,,,,,,,,
183,148,0,,,single_point_failed,,,,,,,,,,,,,,,,,,,,
184,28,0,-35.848368809037,2.9851778973430547,,True,,-35.968942737783,75.66128261312717,2.7021886647545417,0.5726971618160555,,,,,,,,,,,,,,
185,139,0,-196.025778511206,40.49626397096454,no_energy_in_xtb_output,False,,,,,,,,,,,,,,,,,,,
186,5,0,-19.223011291148,4.837155050215013,,True,,-19.392035230607,106.06412335398956,21.21282467079791,0.3960043208790329,,,,,,,,,,,,,,
187,17,0,-18.355973469514,3.2830703862460724,,True,,-18.704555333007,218.73842182842722,12.866965989907484,1.0389886239746753,,,,,,,,,,,,,,
188,14,0,-16.659129342725,3.911335317603111,,True,,-16.824217717293,103.59451909909806,7.399608507078433,1.0521561309210823,,,,,,,,,,,,,,
189,108,0,-145.763061483089,53.850462403368226,no_energy_in_xtb_output,False,,,,,,,,,,,,,,,,,,,
190,38,0,-62.721574466911,4.42142094645626,,True,,-63.066845392333,216.66077682083883,5.701599390022075,2.46860688449838,,,,,,,,,,,,,,
191,8,0,-17.787883619219,5.1737871890264095,,True,,-17.88212035228,59.13444280053446,7.391805350066807,0.3702934313120331,,,,,,,,,,,,,,
192,81,0,-120.368774515738,21.624311359963688,,False,,-121.910165574863,967.2374928370962,11.941203615272793,3.1237267936732565,,,,,,,,,,,,,,
193,10,0,-19.353021044561,11.293867895594062,,True,,-19.404989710989,32.61083053799463,3.261083053799463,0.7569440982496392,,,,,,,,,,,,,,
194,109,0,-127.255322385716,347.0744350278066,no_energy_in_xtb_output,False,,,,,,,,,,,,,,,,,,,
195,55,0,-66.736458585098,6.37199614774116,,True,,-67.186846399536,282.6226205624111,5.138593101134747,2.280775396367661,,,,,,,,,,,,,,
196,18,0,-22.347754635453,3.854452073268943,,True,,-22.44264183797,59.54261854676181,3.3079232525978783,0.9130904811906644,,,,,,,,,,,,,,
197,159,0,-224.502713711167,47.64724401516332,no_energy_in_xtb_output,False,,,,,,,,,,,,,,,,,,,
198,15,0,-17.689662300844,4.9304588105028095,,True,,-17.711548518994,13.733809240537695,0.915587282702513,0.47750338373770007,,,,,,,,,,,,,,
199,20,0,-21.83753046923,5.8747852935126526,,True,,-21.888654711324,32.08094626828146,1.604047313414073,0.7725126868824763,,,,,,,,,,,,,,
200,59,0,-80.132596093283,5.431934978840856,,True,,-80.966931617713,523.5534461272318,8.873787222495455,1.7192254502479436,,,,,,,,,,,,,,
201,14,0,-19.172821076413,7.771400016812207,,True,,-19.228691464404,35.05919778393366,2.5042284131381187,0.735654521500326,,,,,,,,,,,,,,
202,17,0,-29.685558859173,4.128903201056743,,True,,-29.906791800991,138.82576696564678,8.166221586214517,0.8165233108478954,,,,,,,,,,,,,,
203,11,0,-18.365219788711,14.224439516250765,,True,,-18.45150379215,54.1440296180663,4.9221845107333,0.2745087134795904,,,,,,,,,,,,,,
204,14,0,-17.497518884565,3.546516897772565,,True,,-17.605807327228,67.952023702571,4.853715978755071,0.597038264298979,,,,,,,,,,,,,,
205,12,0,-19.682966419082,3.8744163325438112,,True,,-19.702234593027,12.090961698383849,1.0075801415319874,0.37399699937381087,,,,,,,,,,,,,,
206,17,0,-23.865459954969,2.1751472624458605,,True,,-23.907612564264,26.451161689091663,1.5559506875936273,0.28539499581293176,,,,,,,,,,,,,,
207,74,0,-104.339619173143,7.527406854958502,no_energy_in_xtb_output,False,,,,,,,,,,,,,,,,,,,
208,107,0,-140.882402222105,54.46169817305809,no_energy_in_xtb_output,False,,,,,,,,,,,,,,,,,,,
209,12,0,-16.922024795156,1.370316882617664,,True,,-16.936637024537,9.16931237376127,0.7641093644801059,0.28707080280985053,,,,,,,,,,,,,,
210,15,0,-22.815804744163,3.730552140490567,,True,,-22.904118482901,55.4177077480295,3.6945138498686334,0.6339279742125549,,,,,,,,,,,,,,
211,23,0,-27.361539668361,2.3986411288581224,,True,,-27.46297157362,63.649481522292184,2.7673687618387905,1.0734214191122526,,,,,,,,,,,,,,
212,18,0,-23.245634666955,3.3420340759450244,,True,,-23.271889841206,16.475370585681304,0.9152983658711835,0.47458967399787066,,,,,,,,,,,,,,
213,56,0,-70.570822433961,7.188146438891022,,True,,-71.186057098845,386.0655809867461,6.894028231906181,1.3829279401563568,,,,,,,,,,,,,,
214,18,0,-23.251427204136,3.7668587858851867,,True,,-23.27275676238,13.384499875689627,0.7435833264272015,0.41481263837640625,,,,,,,,,,,,,,
215,98,0,-134.769849896512,237.0231953400659,,False,,-142.877362837696,5087.541181682157,51.91368552736895,1.682841396712269,,,,,,,,,,,,,,
216,6,0,-21.808276025949,3.5692362826113992,,True,,-21.886156856112,48.87095877518179,8.145159795863632,0.4521934531642643,,,,,,,,,,,,,,
217,6,0,-16.281416327989,9.539077615803125,,True,,-16.479667764287,124.40465452361293,20.734109087268823,0.35284742356971427,,,,,,,,,,,,,,
218,18,0,-30.317289987307,7.221090723615746,,True,,-30.438005167795,75.74991941945834,4.208328856636574,1.1600516123476923,,,,,,,,,,,,,,
219,37,0,-53.967005925868,3.1562859533813716,,True,,-54.063393480351,60.48410361985682,1.6347055032393734,1.588111580294979,,,,,,,,,,,,,,
220,24,0,-29.245874595457,2.7715338692705003,,True,,-29.296725300994,31.90929948726155,1.3295541453025645,0.49424800177054556,,,,,,,,,,,,,,
221,47,0,-66.547935772795,4.372005974067993,,False,,-67.296850604051,469.95115187950904,9.998960678287427,2.189847355589802,,,,,,,,,,,,,,
222,14,0,-18.804270887801,2.7603708699265765,,True,,-18.822773885247,11.610806195929948,0.829343299709282,0.27776261586585693,,,,,,,,,,,,,,
223,50,0,-71.380251146331,5.362542935578794,,False,,-71.895409468691,323.2667279233489,6.465334558466979,3.017715832691675,,,,,,,,,,,,,,
224,86,0,-103.868017114442,257.3727925281646,no_energy_in_xtb_output,False,,,,,,,,,,,,,,,,,,,
225,95,0,-76.78544464213,117.90508538322707,no_energy_in_xtb_output,False,,,,,,,,,,,,,,,,,,,
226,29,0,-29.384019150417,3.133475128173817,,True,,-29.447295650268,39.70660314205472,1.3691932117949903,0.6411847809167273,,,,,,,,,,,,,,
227,15,0,-29.30766557429,6.144996720481586,,True,,-29.547294979185,150.36972183571626,10.024648122381084,1.4153562107324764,,,,,,,,,,,,,,
228,30,0,-42.11776165514,3.898529400645479,,True,,-42.230418361612,70.69315062792707,2.3564383542642355,2.0452521023124217,,,,,,,,,,,,,,
229,16,0,-23.078698221311,2.7227735678776996,,True,,-23.103506529033,15.567448131028348,0.9729655081892717,0.612636567026375,,,,,,,,,,,,,,
230,121,0,-186.925104746934,40.00708005428626,no_energy_in_xtb_output,False,,,,,,,,,,,,,,,,,,,
231,97,0,,,single_point_failed,,,,,,,,,,,,,,,,,,,,
232,16,0,-23.622490529029,6.484686397784734,,True,,-23.78244778,100.37469042938976,6.27341815183686,0.8613458679451793,,,,,,,,,,,,,,
233,10,0,-13.596992174239,40.65425436569848,,True,,-13.967342015343,232.3980340105236,23.23980340105236,0.7455882590888886,,,,,,,,,,,,,,
234,78,0,-109.53301475469,566.1844831415876,no_energy_in_xtb_output,False,,,,,,,,,,,,,,,,,,,
235,16,0,-23.814892286206,4.395872280947539,,True,,-23.845023146885,18.907400537748842,1.1817125336093026,0.15364158846055526,,,,,,,,,,,,,,
236,27,0,-32.22273694956,7.380081504374036,,True,,-32.281761577153,37.038513017651944,1.3717967784315535,1.046236336193396,,,,,,,,,,,,,,
237,143,0,-161.173918692673,96.10222441496283,no_energy_in_xtb_output,False,,,,,,,,,,,,,,,,,,,
238,15,0,-25.208179510683,4.3394498958391825,,True,,-25.279147061804,44.5328106794854,2.9688540452990266,0.887062824694539,,,,,,,,,,,,,,
239,60,0,-93.822396566305,180.90981808453486,,False,,-95.868660275133,1284.0498637210626,21.40083106201771,2.9250561357142577,,,,,,,,,,,,,,
240,57,0,-76.094185299455,7.510590588593941,,True,,-77.120575920776,644.0698389684387,11.299470859095416,1.9618481286398632,,,,,,,,,,,,,,
241,15,0,-26.271351342838,2.8468899170292827,,True,,-26.380424287343,68.44430604084725,4.562953736056484,0.6010570290569928,,,,,,,,,,,,,,
242,97,0,-118.931332747339,20.07744742403635,no_energy_in_xtb_output,False,,,,,,,,,,,,,,,,,,,
243,7,0,-13.031897783668,16.035730268758645,,True,,-13.159598413392,80.13335499563391,11.447622142233415,0.5997875786311231,,,,,,,,,,,,,,
244,55,0,-78.754071090683,14.428713467738259,,False,,-79.52254477258,482.22451595852465,8.767718471973176,2.8104958066598376,,,,,,,,,,,,,,
245,7,0,-13.912217575287,4.0074397680332545,,True,,-13.94881522294,22.965370630680745,3.280767232954392,0.12064876260197194,,,,,,,,,,,,,,
246,105,0,-86.291480644688,69.61213823611524,,False,,-96.222749332599,6231.965191130365,59.35204943933681,0.8618870509995117,,,,,,,,,,,,,,
247,91,0,,,single_point_failed,,,,,,,,,,,,,,,,,,,,
248,15,0,-17.694313541797,1.892739357397734,,True,,-17.718953702522,15.461934297374567,1.030795619824971,0.35926373427020447,,,,,,,,,,,,,,
249,59,0,-67.659155787221,11.227893178217611,,False,,-68.487270998325,519.6501405835277,8.807629501415724,2.1128001779200476,,,,,,,,,,,,,,
250,127,0,-165.415276966156,82.77986127581156,no_energy_in_xtb_output,False,,,,,,,,,,,,,,,,,,,
251,47,0,-73.022005438623,3.578010309654778,,True,,-73.139490039084,73.72269984579398,1.568568081825404,1.8282014847318684,,,,,,,,,,,,,,
252,84,0,-124.323609749642,10.141641946145892,,False,,-124.773516693244,282.3208695570292,3.3609627328217764,2.826373123325924,,,,,,,,,,,,,,
253,21,0,-23.995252248422,2.112100424647719,,True,,-24.052205406044,35.73864598561457,1.701840285029265,0.5617220114700855,,,,,,,,,,,,,,
254,86,0,,,single_point_failed,,,,,,,,,,,,,,,,,,,,
255,19,0,-24.866721616027,2.7226289421730496,,True,,-24.916368585387,31.153943631921216,1.6396812437853272,1.0904566402208846,,,,,,,,,,,,,,
256,4,0,-10.193104127356,10.182621450734132,,True,,-10.254184124592,38.32827694133789,9.582069235334473,0.3463091467821279,,,,,,,,,,,,,,
257,67,0,-77.53174578348,18.786805818281508,no_energy_in_xtb_output,False,,,,,,,,,,,,,,,,,,,
258,8,0,-9.911157081805,0.9092434878426671,,True,,-10.031873116607,75.75045550958659,9.468806938698323,0.8331291325883711,,,,,,,,,,,,,,
259,53,0,-57.385658099819,3.303131778788237,,True,,-57.605695281881,138.0754163900526,2.6051965356613698,1.4055456857390127,,,,,,,,,,,,,,
260,59,0,-110.02612815088,7.975505897263727,,False,,-110.77466848472,469.7161512029542,7.961290698355156,2.566886357364829,,,,,,,,,,,,,,
261,14,0,-17.115855132487,1.194608244041568,,True,,-17.129598822349,8.624295596990137,0.6160211140707241,0.39444923527560805,,,,,,,,,,,,,,
262,21,0,-28.24408129694,8.42271997191154,,True,,-28.397107895489,96.02564037314885,4.572649541578516,0.8649094709621318,,,,,,,,,,,,,,
263,11,0,-22.822460865668,3.2982174201877417,,True,,-22.858486817096,22.606625833208128,2.0551478030189205,0.41397460307185147,,,,,,,,,,,,,,
264,56,0,-82.022942213701,5.165480858639534,,False,,-82.68937461997,418.1926487564637,7.467725870651138,2.6445300923227983,,,,,,,,,,,,,,
265,23,0,-28.951072695612,3.8251082661555,,True,,-29.057856572549,67.00789445515426,2.9133867154414896,0.9575214663444457,,,,,,,,,,,,,,
266,5,0,-19.237081699175,4.1958571067089006,,True,,-19.392035186591,97.23478139265617,19.446956278531236,0.4059530451420846,,,,,,,,,,,,,,
267,94,0,-126.798313689982,7.135394460151664,,False,,-127.5261164275,456.7031130416074,4.858543755761781,2.8260006136327966,,,,,,,,,,,,,,
268,44,0,-61.902699087049,6.989911626324998,,True,,-62.162773903648,163.19941138109644,3.7090775313885556,1.5108563290589128,,,,,,,,,,,,,,
269,147,0,-114.686291037587,356.1646105562557,,False,,-131.196494738772,10360.30924120525,70.47829415785884,1.1017560998280889,,,,,,,,,,,,,,
270,87,0,-104.35992190448,80.99567033154403,,False,,-105.802591196999,905.2886489955821,10.405616655121634,2.7658362526088913,,,,,,,,,,,,,,
271,164,0,,,single_point_failed,,,,,,,,,,,,,,,,,,,,
272,11,0,-24.206443770248,2.805396206291366,,True,,-24.267100095881,38.062418996562535,3.4602199087784125,0.8133596617072879,,,,,,,,,,,,,,
273,10,0,-16.966953181516,5.077394314406155,,True,,-17.007562689959,25.482851285026584,2.548285128502658,0.4069393199957968,,,,,,,,,,,,,,
274,76,0,-105.728529123951,22.30093586965074,no_energy_in_xtb_output,False,,,,,,,,,,,,,,,,,,,
275,17,0,-23.004026881975,7.170414259172198,,True,,-23.058883293117,34.42291770470422,2.0248775120414244,0.8489636483724184,,,,,,,,,,,,,,
276,19,0,-20.202053544483,2.3138189670279967,,True,,-20.245253889996,27.108626092206904,1.4267697943266793,0.4292950602641631,,,,,,,,,,,,,,
277,6,0,-13.19790955537,4.067641801784887,,True,,-13.26088593807,39.51827678647383,6.586379464412304,0.4581519324344721,,,,,,,,,,,,,,
278,91,0,,,single_point_failed,,,,,,,,,,,,,,,,,,,,
279,59,0,-77.789630257294,4.77774806365104,,False,,-78.335683412214,342.65352805434736,5.807686916175379,2.903905134980777,,,,,,,,,,,,,,
280,8,0,-14.840873682709,5.827979573526408,,True,,-14.87056602515,18.63222618885271,2.3290282736065886,0.3011439959797237,,,,,,,,,,,,,,
281,32,0,-45.435435356325,5.918551992477203,,True,,-45.717213146287,176.81823278171714,5.525569774428661,1.7201510670672924,,,,,,,,,,,,,,
282,44,0,-85.321714328669,5.954804208856425,,False,,-85.895802773624,360.245938159412,8.187407685441181,2.9740793595967125,,,,,,,,,,,,,,
283,75,0,-80.203055011809,53.623953534254696,,False,,-83.902856938982,2321.6607614579725,30.955476819439635,1.726692540278433,,,,,,,,,,,,,,
284,4,0,-12.256336866899,6.994763673366248,,True,,-12.267735208817,7.1525675421552455,1.7881418855388114,0.059040598094060114,,,,,,,,,,,,,,
285,122,0,-161.791599842022,47.63630793318535,no_energy_in_xtb_output,False,,,,,,,,,,,,,,,,,,,
286,13,0,-22.419080722323,2.898258014309418,,True,,-22.513156515305,59.03345137620402,4.541034721246463,0.47023841760623625,,,,,,,,,,,,,,
287,8,0,-15.58337335162,2.0493309524887193,,True,,-15.602061872128,11.727223674992723,1.4659029593740904,0.14627932066966304,,,,,,,,,,,,,,
288,28,0,-37.108187465632,5.543434482810172,,True,,-37.206995968655,62.00327176492561,2.2144025630330573,1.2146401743663053,,,,,,,,,,,,,,
289,11,0,-22.100446861571,7.618297690216596,,True,,-22.21424620493,71.41016609993117,6.491833281811925,0.5961632802611094,,,,,,,,,,,,,,
290,18,0,-22.342563315407,3.0570831640621656,,True,,-22.43577520244,58.491342208506985,3.2495190115837214,0.7136185423479197,,,,,,,,,,,,,,
291,130,0,-200.57030081446,43.47963419266968,no_energy_in_xtb_output,False,,,,,,,,,,,,,,,,,,,
292,27,0,-37.160491225177,2.285470948976336,,True,,-37.234160177419,46.22796547615844,1.7121468694873496,0.8143435502309158,,,,,,,,,,,,,,
293,51,0,-84.542088734063,14.767533687648914,,False,,-85.416359403767,548.6131281347534,10.75712015950497,1.8252228903505312,,,,,,,,,,,,,,
294,13,0,-21.782321684931,4.923816013738798,,True,,-21.825328845401,26.987400647477724,2.0759538959598247,0.4090323311515029,,,,,,,,,,,,,,
295,73,0,-91.982792275124,27.237192089753396,,False,,-92.675915326493,434.941281425572,5.958099745555781,2.8737326497004463,,,,,,,,,,,,,,
296,46,0,-80.701562283235,4.856099895608671,,True,,-81.304675494586,378.4592540553651,8.22737508816011,2.0220419392010847,,,,,,,,,,,,,,
297,12,0,-17.627498948455,3.582119186224158,,True,,-17.752209840575,78.25726632416091,6.521438860346742,1.045797808206414,,,,,,,,,,,,,,
298,58,0,-90.111740298363,7.442445710999746,,True,,-90.506383066545,247.6420759046899,4.2696909638739635,2.17234016375767,,,,,,,,,,,,,,
299,5,0,-16.263437660244,8.816056873121028,,True,,-16.30875956566,28.43992503113138,5.687985006226276,0.13880926864098617,,,,,,,,,,,,,,
300,132,0,-114.99240679021,51.40845034026366,,False,,-122.021131076747,4410.59108037937,33.413568790752805,0.8905925623664204,,,,,,,,,,,,,,
301,116,0,-74.710346210751,498.9327195519949,no_energy_in_xtb_output,False,,,,,,,,,,,,,,,,,,,
302,99,0,-116.301801835926,31.649225673347342,no_energy_in_xtb_output,False,,,,,,,,,,,,,,,,,,,
303,6,0,-14.069415807284,19.705725819367366,,True,,-14.127374744109,36.36978196431161,6.061630327385269,0.3164989166125596,,,,,,,,,,,,,,
304,8,0,-12.434754288636,3.8655502495922343,,True,,-12.466804404805,20.111751540870237,2.5139689426087797,0.15305771652604092,,,,,,,,,,,,,,
305,77,0,-59.078213201331,374.059099150343,,True,,-72.504107060095,8424.875594139998,109.4139687550649,0.6815232942902911,,,,,,,,,,,,,,
306,8,0,-17.841641034976,6.477572100641542,,True,,-17.920314929697,49.36861429887024,6.17107678735878,0.6447928219969584,,,,,,,,,,,,,,
307,161,0,,,single_point_failed,,,,,,,,,,,,,,,,,,,,
308,66,0,-99.405671522412,16.772445613936416,,True,,-100.219036405712,510.39417014097563,7.733245002135995,2.2518297647403878,,,,,,,,,,,,,,
309,42,0,-49.434957499192,4.025509853810735,,True,,-49.72039011172,179.11166856790078,4.264563537330971,2.101370397585605,,,,,,,,,,,,,,
310,9,0,-13.232788091569,14.95253629972665,,True,,-13.359449608302,79.48130174915929,8.831255749906587,0.22705993006175468,,,,,,,,,,,,,,
311,16,0,-19.838082206032,2.7592094189122687,,True,,-19.855889834934,11.174455846606095,0.698403490412881,0.5343419941773336,,,,,,,,,,,,,,
312,14,0,-22.317607825825,2.671283177417783,,True,,-22.337800546771,12.671123700727124,0.9050802643376518,0.20996125247994313,,,,,,,,,,,,,,
313,81,0,,,single_point_failed,,,,,,,,,,,,,,,,,,,,
314,15,0,-17.338640482408,2.997611501315588,,True,,-17.367994478472,18.41991063177075,1.22799404211805,0.3390563897196586,,,,,,,,,,,,,,
315,69,0,-88.992240148919,61.16846087813954,,False,,-90.110286776775,701.5848514239432,10.167896397448452,3.738853362076687,,,,,,,,,,,,,,
316,100,0,-95.41258760932,24.795170902243132,,False,,-96.642289133665,771.6493567963254,7.716493567963254,1.6140094088405719,,,,,,,,,,,,,,
317,8,0,-11.245754449594,7.858702388604521,,True,,-11.276952524349,19.577087481291485,2.4471359351614357,0.38496327019939863,,,,,,,,,,,,,,
318,38,0,-45.769113529572,6.495614295109163,,True,,-45.986000116212,136.09838791380363,3.581536524047464,2.099103649168705,,,,,,,,,,,,,,
319,12,0,-19.739169267088,3.3643930341851083,,True,,-19.77043026678,19.61657347541471,1.6347144562845592,0.23294864790867864,,,,,,,,,,,,,,
320,110,0,-164.580459742254,45.97836535691251,no_energy_in_xtb_output,False,,,,,,,,,,,,,,,,,,,
321,12,0,-17.694878676703,2.749713353469558,,True,,-17.732584168506,23.66055333059272,1.9717127775493932,0.40336286310098124,,,,,,,,,,,,,,
322,25,0,-35.486836235449,8.848207233693111,,True,,-35.607289611367,75.58563457143141,3.0234253828572566,1.6439861263692874,,,,,,,,,,,,,,
323,55,0,-71.320604241915,10.892371689804877,no_energy_in_xtb_output,False,,,,,,,,,,,,,,,,,,,
324,17,0,-21.595226723286,2.660841944122124,,True,,-21.646410536554,32.1183277443469,1.8893133967262883,0.452017184720863,,,,,,,,,,,,,,
325,17,0,-21.910615195208,3.8277938510218243,,True,,-21.962990669769,32.866106495578315,1.933300382092842,0.8299963085684356,,,,,,,,,,,,,,
326,41,0,-50.17695769332,6.586018628934857,,True,,-50.276450593818,62.432737664511954,1.5227496991344378,2.319045021701032,,,,,,,,,,,,,,
327,91,0,-69.337177487331,194.24623675213167,,False,,-84.282449140116,9378.29955456927,103.05823686339858,1.2268319856685632,,,,,,,,,,,,,,
328,16,0,-23.063325427638,3.725454979928564,,True,,-23.113194871844,31.293548705527932,1.9558467940954958,0.27172228462828135,,,,,,,,,,,,,,
329,108,0,-152.355603303939,216.49143490674112,no_energy_in_xtb_output,False,,,,,,,,,,,,,,,,,,,
330,35,0,-47.224928466242,4.1298827757142655,,True,,-47.359539404983,84.4696393725084,2.4134182677859544,0.9880276597886649,,,,,,,,,,,,,,
331,156,0,-214.021851530617,50.99854261681924,no_energy_in_xtb_output,False,,,,,,,,,,,,,,,,,,,
332,28,0,-30.750457708408,2.834468562295667,,True,,-30.776600676482,16.404960146565106,0.5858914338058966,0.9321295678057958,,,,,,,,,,,,,,
333,7,0,-14.918301200262,7.042572366139785,,True,,-14.982629789908,40.366799455982004,5.766685636568858,0.27662113476189093,,,,,,,,,,,,,,
334,8,0,-16.610872633006,15.64444329664257,,True,,-16.750234228506,87.45072149679868,10.931340187099835,0.4779962138116641,,,,,,,,,,,,,,
335,44,0,-48.413398567969,4.165536126626886,,True,,-49.231337056316,513.2641506385953,11.665094332695348,2.033748330052173,,,,,,,,,,,,,,
336,4,0,-15.380007466985,3.42646134037187,,True,,-15.400455344498,12.831236863889272,3.207809215972318,0.07835147976254674,,,,,,,,,,,,,,
337,132,0,-159.558050374213,48.611065511217966,no_energy_in_xtb_output,False,,,,,,,,,,,,,,,,,,,
338,67,0,-82.244931003757,8.99112650989676,,False,,-82.829212620002,366.6422497146339,5.472272383800506,3.2740385836216097,,,,,,,,,,,,,,
339,107,0,-79.178560139383,329.5142015767236,,False,,-98.061805306308,11849.415243301686,110.74219853552978,1.1469132109814175,,,,,,,,,,,,,,
340,65,0,,,single_point_failed,,,,,,,,,,,,,,,,,,,,
341,11,0,-19.949020531778,2.7775208183453044,,True,,-20.013693310339,40.58278126101269,3.6893437510011537,0.5733775603663372,,,,,,,,,,,,,,
342,44,0,-69.093798267342,8.116379299476554,,False,,-69.497060856399,253.05109516848674,5.7511612538292445,2.3634340956545423,,,,,,,,,,,,,,
343,20,0,-30.873171513904,3.9225518424794332,,True,,-30.955614337819,51.733653075177656,2.5866826537588827,0.46576929018221863,,,,,,,,,,,,,,
344,52,0,-59.051946965781,4.471489493179609,,False,,-59.61269792479,351.8765393681159,6.766856526309922,3.161549414674592,,,,,,,,,,,,,,
345,80,0,-108.593233107053,9.66191624258127,,False,,-109.675046675629,678.8482634514572,8.485603293143216,3.0633821956859504,,,,,,,,,,,,,,
346,51,0,-74.626137993444,172.78077080122355,,False,,-76.3307147233,1069.638047252138,20.973295044159567,2.392769706142387,,,,,,,,,,,,,,
347,55,0,-88.133149772962,10.072948238077526,no_energy_in_xtb_output,False,,,,,,,,,,,,,,,,,,,
348,40,0,-46.708502010807,3.5216314945747,,True,,-47.075294368386,230.16567939475917,5.754141984868979,1.285966983897545,,,,,,,,,,,,,,
349,51,0,-64.327072974782,4.348188014318156,,True,,-64.535526935562,130.80683529543123,2.5648399077535533,2.1805171166090918,,,,,,,,,,,,,,
350,13,0,-20.925890985041,9.308828336877053,,True,,-21.089227785216,102.49538957296348,7.884260736381806,1.0408638754862614,,,,,,,,,,,,,,
351,22,0,-26.089183844042,2.5983060144789416,,True,,-26.16862914667,49.85268006887939,2.2660309122217903,0.9070450358428145,,,,,,,,,,,,,,
352,11,0,-15.620199447879,3.0104754416090147,,True,,-15.636171288228,10.022481137221702,0.9111346488383365,0.23474359987456056,,,,,,,,,,,,,,
353,76,0,-83.924133663366,6.604924205455104,no_energy_in_xtb_output,False,,,,,,,,,,,,,,,,,,,
354,110,0,,,single_point_failed,,,,,,,,,,,,,,,,,,,,
355,68,0,-97.428933529204,8.380067462671486,no_energy_in_xtb_output,False,,,,,,,,,,,,,,,,,,,
356,101,0,-134.091853238517,398.10894893531463,no_energy_in_xtb_output,False,,,,,,,,,,,,,,,,,,,
357,71,0,-100.452120787347,4.879282588410888,no_energy_in_xtb_output,False,,,,,,,,,,,,,,,,,,,
358,24,0,-39.061330586392,2.448653062066401,,True,,-39.119956674126,36.788425480338326,1.5328510616807636,1.6268670186963554,,,,,,,,,,,,,,
359,14,0,-16.774213362884,3.4351314275542,,True,,-16.877940976841,65.09006047997624,4.649290034284017,0.8339362308343629,,,,,,,,,,,,,,
360,13,0,-21.512296681251,3.152255594440701,,True,,-21.52675171508,9.07067067559895,0.6977438981229962,0.19752328075055411,,,,,,,,,,,,,,
361,38,0,-53.405881895327,11.24884054753968,,True,,-53.761902409583,223.40624565645837,5.879111727801536,1.307627698290666,,,,,,,,,,,,,,
362,38,0,-49.662874668121,5.849726817638868,,True,,-49.940561660479,174.2512185287323,4.58555838233506,1.4544720462676484,,,,,,,,,,,,,,
363,111,0,-150.927109823801,47.897607794363154,no_energy_in_xtb_output,False,,,,,,,,,,,,,,,,,,,
364,13,0,-18.999044039933,10.073944992346377,,True,,-19.081030165615,51.447070607183335,3.9574669697833333,0.19475851998460464,,,,,,,,,,,,,,
365,67,0,-55.778720956226,133.62624984225945,no_energy_in_xtb_output,False,,,,,,,,,,,,,,,,,,,
366,15,0,-15.417687518837,3.481243433596943,no_energy_in_xtb_output,False,,,,,,,,,,,,,,,,,,,
367,92,0,-122.533284527458,57.75220261903554,no_energy_in_xtb_output,False,,,,,,,,,,,,,,,,,,,
368,25,0,-29.162779662425,1.5309096888989377,,True,,-29.303908786921,88.55986268747101,3.5423945074988406,1.611650939934183,,,,,,,,,,,,,,
369,116,0,-165.537296431239,35.90229281147331,no_energy_in_xtb_output,False,,,,,,,,,,,,,,,,,,,
370,59,0,-72.488158111386,6.99983632002796,no_energy_in_xtb_output,False,,,,,,,,,,,,,,,,,,,
371,36,0,-41.710680721633,1.7360184272945856,,True,,-41.776184235664,41.10407563887803,1.1417798788577231,0.5261888215961137,,,,,,,,,,,,,,
372,16,0,-17.035777069117,2.0849029755715565,,True,,-17.082924549773,29.5854907898474,1.8490931743654626,0.6249433310996753,,,,,,,,,,,,,,
373,44,0,-65.710939609613,4.864607891479574,,False,,-66.035319467514,203.55143402811544,4.626168955184442,3.028299488931583,,,,,,,,,,,,,,
374,8,0,-12.694379141979,1.60039932981096,,True,,-12.717010198481,14.201202363062341,1.7751502953827927,1.1354756746501076,,,,,,,,,,,,,,
375,12,0,-22.773038367254,12.43204599530542,,True,,-22.827175353908,33.97147202261317,2.830956001884431,0.9310405514751655,,,,,,,,,,,,,,
376,29,0,-30.010469688645,3.161737017315949,,True,,-30.10586509292,59.86151996464152,2.0641903436083284,1.133843625812843,,,,,,,,,,,,,,
377,29,0,-32.444171800206,2.629469750432989,,True,,-32.512953805592,43.16136002477291,1.488322759474928,0.8382714192232396,,,,,,,,,,,,,,
378,18,0,-22.741376288132,3.5459980349076172,,True,,-22.802861859257,38.58277839911862,2.1434876888399232,0.7752909279250303,,,,,,,,,,,,,,
379,19,0,-22.078898749074,1.761814249849209,,True,,-22.120074806092,25.838365883356968,1.359913993860893,1.6256954612086423,,,,,,,,,,,,,,
380,21,0,-26.369235258717,2.521925266800822,,True,,-26.434168280181,40.74608614820279,1.9402898165810853,0.8965147510181395,,,,,,,,,,,,,,
381,87,0,-102.97221168125,139.9884513571559,no_energy_in_xtb_output,False,,,,,,,,,,,,,,,,,,,
382,194,0,-141.122125765641,75.05852216102708,no_energy_in_xtb_output,False,,,,,,,,,,,,,,,,,,,
383,10,0,-18.831261722852,4.6366747130826464,,True,,-18.923650541969,57.97485929342048,5.797485929342048,0.6754332089819846,,,,,,,,,,,,,,
384,43,0,-60.024845288667,9.647756208138805,,False,,-60.547781744629,328.147580449134,7.631339080212419,2.092897539780944,,,,,,,,,,,,,,
385,74,0,-101.647222343604,21.3926850122708,,False,,-103.062905776772,888.3547665870948,12.004794143068848,2.7559795266381455,,,,,,,,,,,,,,
386,54,0,-105.19493859096,7.047033541618975,,True,,-106.374022909435,739.8865805622908,13.701603343746125,1.8801928373521106,,,,,,,,,,,,,,
387,15,0,-22.7983796876,3.7689964069627098,,True,,-22.859620140543,38.42896441764807,2.5619309611765377,0.8621836972784768,,,,,,,,,,,,,,
388,66,0,-112.172757702549,4.0500426668896035,,False,,-112.616807275826,278.6453141849936,4.22189869977263,2.3422995774638293,,,,,,,,,,,,,,
389,40,0,-49.294626284101,2.9425400149639,,True,,-49.534077464707,150.2578844058618,3.756447110146545,1.3990016508353937,,,,,,,,,,,,,,
390,9,0,-22.278542384932,6.062433169202465,,True,,-22.352064759159,46.135986383055275,5.126220709228364,0.6074711411055607,,,,,,,,,,,,,,
391,9,0,-16.840229586994,21.246857767959316,,True,,-16.967693877037,79.98504960670998,8.887227734078886,0.45527283916419575,,,,,,,,,,,,,,
392,38,0,-41.698378949403,6.690426551725655,,True,,-42.00157559453,190.25876732134157,5.006809666351094,1.082014788765773,,,,,,,,,,,,,,
393,16,0,-29.248673141438,6.33490016685068,,True,,-29.287127378236,24.13039790861066,1.5081498692881663,1.6710439375993178,,,,,,,,,,,,,,
394,58,0,-76.692147512481,3.8888427246068122,,False,,-77.341930447598,407.74494787044773,7.030085308111167,1.968160213785447,,,,,,,,,,,,,,
395,59,0,-75.729835591989,10.33584315656988,,False,,-76.489557038761,476.73240549835833,8.080210262684039,1.8714611460374608,,,,,,,,,,,,,,
396,26,0,-31.014075286207,4.708089449758596,,True,,-31.090904235746,48.210893718037916,1.8542651430014583,0.9010656823751321,,,,,,,,,,,,,,
397,22,0,-35.622297794621,4.656457287280176,,True,,-35.675765466855,33.55147088293525,1.5250668583152385,1.3425084042801512,,,,,,,,,,,,,,
398,160,0,-110.523011236943,35.36573987075606,no_energy_in_xtb_output,False,,,,,,,,,,,,,,,,,,,
399,34,0,-37.728492083763,3.194123799308922,,True,,-38.041590996349,196.47253396656924,5.778603940193213,0.8113435781828736,,,,,,,,,,,,,,
400,23,0,-23.065743402408,2.7672172758590388,,True,,-23.153067583507,54.7967509544241,2.3824674328010476,0.5266578937251115,,,,,,,,,,,,,,
401,68,0,,,single_point_failed,,,,,,,,,,,,,,,,,,,,
402,116,0,-192.225193509323,38.089974877325666,no_energy_in_xtb_output,False,,,,,,,,,,,,,,,,,,,
403,59,0,-70.796921455329,5.540141846486123,,False,,-71.569803907267,484.99106092821523,8.22018747335958,2.801031381395504,,,,,,,,,,,,,,
404,44,0,-52.279328758101,10.614129058189489,,True,,-52.584764010596,191.66351465346435,4.355988969396917,1.7709714204712883,,,,,,,,,,,,,,
405,79,0,-115.593522570577,30.11989346922292,,False,,-116.372851286825,489.0361528550551,6.190331048798166,3.1951240812017145,,,,,,,,,,,,,,
406,100,0,,,single_point_failed,,,,,,,,,,,,,,,,,,,,
407,97,0,-61.107458608198,288.06469991672714,no_energy_in_xtb_output,False,,,,,,,,,,,,,,,,,,,
408,82,0,-98.600668927744,85.84539646208015,,False,,-100.814143070909,1388.975995429741,16.93873165158221,2.029415274738365,,,,,,,,,,,,,,
409,113,0,-90.247458847353,68.81906681618112,,False,,-98.500578144538,5178.910549556577,45.8310668102352,1.1439656179600217,,,,,,,,,,,,,,
410,8,0,-14.823341950437,11.457159886114113,,True,,-14.866811486995,27.277546023277147,3.4096932529096433,0.5443158984881497,,,,,,,,,,,,,,
411,11,0,-13.667446924709,3.7082192516583397,,True,,-13.714378317062,29.449893332480393,2.67726303022549,0.2079969158737872,,,,,,,,,,,,,,
412,7,0,-9.518308372006,2.4002834162388074,,True,,-9.534965665376,10.45260940192276,1.4932299145603944,0.15495068667953832,,,,,,,,,,,,,,
413,51,0,-72.156513438641,6.890266315614652,no_energy_in_xtb_output,False,,,,,,,,,,,,,,,,,,,
414,31,0,-32.366167584658,1.2546499936737736,,True,,-32.401695784808,22.294282190533323,0.7191703932430105,1.0738079067731765,,,,,,,,,,,,,,
415,12,0,-17.265100901429,11.278999427026372,,True,,-17.400678702388,85.07635457441268,7.089696214534389,0.6394316138176634,,,,,,,,,,,,,,
416,17,0,-32.184529442179,4.129577095800711,,True,,-32.248641894359,40.23117114836623,2.3665394793156604,1.0646146691048939,,,,,,,,,,,,,,
417,7,0,-20.1773437193,16.648220037797003,,True,,-20.25064865479,45.99954151555962,6.571363073651375,0.23446147208519294,,,,,,,,,,,,,,
418,43,0,-66.358376110769,4.50377200225075,,True,,-66.656021432555,186.77525933127043,4.343610682122568,1.6943579199861285,,,,,,,,,,,,,,
419,53,0,-61.660255508626,4.793040122958564,,False,,-61.863370015952,127.45627766672345,2.4048354276740276,2.451376206818998,,,,,,,,,,,,,,
420,48,0,-93.526853942049,81.75173223192293,,False,,-94.191754502584,417.2314010455799,8.692320855116249,3.28153244720743,,,,,,,,,,,,,,
421,85,0,-87.239617208776,10.247076800166647,,False,,-88.490172441256,784.7352562203804,9.232179484945652,1.8319639308373015,,,,,,,,,,,,,,
422,7,0,-14.933788018004,1.252606104154995,,True,,-14.982631316004,30.649632239486973,4.378518891355282,0.5682920578382818,,,,,,,,,,,,,,
423,168,0,-110.615630549947,40.59806395923673,no_energy_in_xtb_output,False,,,,,,,,,,,,,,,,,,,
424,55,0,-77.759397296204,5.220990513890272,,False,,-78.273461478557,322.5801447030061,5.865093540054657,3.1609364156072393,,,,,,,,,,,,,,
425,16,0,-22.556002759058,9.955609406278404,,True,,-22.676736491256,75.76156079324298,4.735097549577686,0.4848821667419466,,,,,,,,,,,,,,
426,132,0,-102.095036879933,71.63284298560777,,False,,-112.718069586297,6666.053666525584,50.500406564587756,1.1184590749267262,,,,,,,,,,,,,,
427,78,0,-95.693406851634,61.34451292166214,,False,,-98.366919524523,1677.6545312656115,21.5083914264822,2.044284405734756,,,,,,,,,,,,,,
428,83,0,-105.170946137871,30.847689786007205,,False,,-106.426697488086,787.9958693274469,9.493926136475265,2.443395076727598,,,,,,,,,,,,,,
429,6,0,-19.184398655157,9.216415758753007,,True,,-19.23443592111,31.39885844172121,5.233143073620202,0.22053098823205636,,,,,,,,,,,,,,
430,108,0,-181.968491728976,164.26086255304185,,False,,-185.774778632074,2388.4810926962905,22.1155656731138,1.9921311278412175,,,,,,,,,,,,,,
431,87,0,-65.483530828518,206.2593726419067,,True,,-76.127784035251,6679.369731551489,76.77436473047689,1.7753807299958202,,,,,,,,,,,,,,
432,104,0,-71.153079209762,388.6367249459166,,False,,-90.361182890466,12053.267038428063,115.89679844642367,1.1953060315403818,,,,,,,,,,,,,,
433,73,0,-112.74224620021,5.66001330090823,,False,,-113.376249448815,397.843045086419,5.449904727211219,3.0350602461282974,,,,,,,,,,,,,,
434,50,0,-61.946951396869,2.995224346579955,,False,,-62.090433249034,90.03622158966049,1.8007244317932096,2.0146711000368116,,,,,,,,,,,,,,
435,106,0,-169.652094667336,139.98157787963498,no_energy_in_xtb_output,False,,,,,,,,,,,,,,,,,,,
436,47,0,-53.059756512206,3.4117722537880595,,False,,-53.54241055495,302.86998451671786,6.444042223759954,2.9286023206368474,,,,,,,,,,,,,,
437,108,0,-223.423388131898,31.059963498236975,no_energy_in_xtb_output,False,,,,,,,,,,,,,,,,,,,
438,114,0,-159.24473577337,27.04593257877856,no_energy_in_xtb_output,False,,,,,,,,,,,,,,,,,,,
439,113,0,-151.540128730512,33.55555895412175,no_energy_in_xtb_output,False,,,,,,,,,,,,,,,,,,,
440,29,0,-38.735092881468,9.14959621339575,,True,,-38.951855026092,136.0202993697953,4.690355150682597,0.8241414785602937,,,,,,,,,,,,,,
441,115,0,-137.630777219814,371.32853979747426,no_energy_in_xtb_output,False,,,,,,,,,,,,,,,,,,,
442,29,0,-42.783585326558,3.6787921161671924,,True,,-42.852993869026,43.55451797958352,1.5018799303304662,1.7853167304274782,,,,,,,,,,,,,,
443,69,0,-79.240867696776,4.7118187592802565,,True,,-79.702629406095,289.7598473572477,4.199418077641271,1.2265185658679176,,,,,,,,,,,,,,
444,68,0,-96.233066595505,16.399010212666546,,False,,-97.66348718172,897.6024697448103,13.200036319776622,3.360113444247859,,,,,,,,,,,,,,
445,4,0,-12.946724293966,5.644931182245376,,True,,-13.014320759154,42.4174223186466,10.60435557966165,0.2796353902874323,,,,,,,,,,,,,,
446,14,0,-25.20959002621,7.5681771101695965,,True,,-25.380295056668,107.11902388262422,7.651358848758873,0.9832312596674555,,,,,,,,,,,,,,
447,179,0,,,single_point_failed,,,,,,,,,,,,,,,,,,,,
448,119,0,-193.25129394876,91.69540510494647,no_energy_in_xtb_output,False,,,,,,,,,,,,,,,,,,,
449,97,0,-151.58834145938,47.47644053235863,,False,,-154.204371964,1641.5839260871219,16.923545629764142,2.2017674707625403,,,,,,,,,,,,,,
450,172,0,-130.614948808145,51.974301405217716,no_energy_in_xtb_output,False,,,,,,,,,,,,,,,,,,,
451,169,0,-177.865770600487,743.533357634681,no_energy_in_xtb_output,False,,,,,,,,,,,,,,,,,,,
452,97,0,-128.876413294655,26.730372601959292,,False,,-130.563162600367,1058.4511697036353,10.911867728903456,2.1968845444966445,,,,,,,,,,,,,,
453,50,0,-61.448801998068,6.352964012908912,,True,,-61.608124788526,99.97656044656445,1.9995312089312889,2.3161306739138317,,,,,,,,,,,,,,
454,42,0,-65.578317836128,7.032020851377379,,True,,-66.002627747745,266.2584894785451,6.339487844727263,1.9392788212122185,,,,,,,,,,,,,,
455,26,0,-26.961793005787,2.968985678913149,,False,,-26.992064721765,18.995788572342,0.7306072527823846,1.5482001265487555,,,,,,,,,,,,,,
456,102,0,-115.949320355059,895.7602836611823,no_energy_in_xtb_output,False,,,,,,,,,,,,,,,,,,,
457,22,0,-26.025687889308,1.8956759647282162,,True,,-26.190914920236,103.68152727863765,4.712796694483529,0.8726036659391366,,,,,,,,,,,,,,
458,63,0,-96.002530586632,5.846117788950788,,True,,-96.928535817336,581.077055298742,9.223445322202254,2.113860959955939,,,,,,,,,,,,,,
459,67,0,-107.664448947514,6.209081925503464,,False,,-108.419303404345,473.6783232002065,7.069825719406067,2.648481324852218,,,,,,,,,,,,,,
460,66,0,-75.993551193383,61.13011845609499,no_energy_in_xtb_output,False,,,,,,,,,,,,,,,,,,,
461,111,0,-162.75880061752,138.12784291263713,no_energy_in_xtb_output,False,,,,,,,,,,,,,,,,,,,
462,170,0,-124.071851407396,67.64780701087248,no_energy_in_xtb_output,False,,,,,,,,,,,,,,,,,,,
463,52,0,-70.888119230322,5.646787010787022,,False,,-71.267801833962,238.2544309210399,4.581815979250767,3.5033226642502227,,,,,,,,,,,,,,
464,8,0,-18.73195607226,8.910637885076945,,True,,-18.773201471351,25.881878691116214,3.2352348363895267,0.18266770959740755,,,,,,,,,,,,,,
465,10,0,-20.975936018302,17.736632360132106,,True,,-21.039808907863,40.08084333531408,4.008084333531408,0.4322762980345013,,,,,,,,,,,,,,
466,123,0,-182.025949562169,122.66527408913362,no_energy_in_xtb_output,False,,,,,,,,,,,,,,,,,,,
467,9,0,-11.328170044273,4.859426637011268,,True,,-11.341806092567,8.556749493266905,0.9507499436963227,0.06670989856009167,,,,,,,,,,,,,,
468,74,0,,,single_point_failed,,,,,,,,,,,,,,,,,,,,
469,130,0,-200.354846649432,54.86324341062885,no_energy_in_xtb_output,False,,,,,,,,,,,,,,,,,,,
470,13,0,-13.906868647422,2.363874699392236,,True,,-13.924693875147,11.185499274769706,0.8604230211361312,0.2838046229618132,,,,,,,,,,,,,,
471,79,0,-104.381613950576,13.05086361827173,,False,,-104.957481863142,361.3625709441038,4.574209758786124,3.3654982994189484,,,,,,,,,,,,,,
472,15,0,-17.316379048333,3.4640641528600966,,True,,-17.362918248711,29.203789152515775,1.946919276834385,0.37686091967266067,,,,,,,,,,,,,,
473,102,0,-156.692328332743,41.368074111846916,no_energy_in_xtb_output,False,,,,,,,,,,,,,,,,,,,
474,14,0,-20.750155753339,13.972122245788352,,True,,-20.808179137745,36.41022343196949,2.600730245140678,0.5319746943272484,,,,,,,,,,,,,,
475,66,0,-76.557470198142,22.70868331025182,,False,,-77.711434361021,724.1234449358708,10.971567347513194,1.9829591012492342,,,,,,,,,,,,,,
476,11,0,-17.546354164814,4.518216381904752,,True,,-17.576989690644,19.224082701229925,1.747643881929993,0.4014249540951328,,,,,,,,,,,,,,
477,46,0,-59.141131745404,4.284730800138954,,False,,-59.438396970469,186.53674503778544,4.055146631256205,2.0576611214737115,,,,,,,,,,,,,,
478,51,0,-59.243427247324,4.216782305694335,,True,,-59.485673623058,152.0118958305334,2.9806254084418313,1.1091697032426648,,,,,,,,,,,,,,
479,90,0,-73.511767040175,304.17011030061394,,False,,-93.899576352096,12793.543498622323,142.1504833180258,1.8340439395411479,,,,,,,,,,,,,,
480,66,0,-90.757519955661,5.311235657466968,,False,,-91.921927972859,730.6770624667737,11.070864582829904,2.6674229829809506,,,,,,,,,,,,,,
481,14,0,-18.232251209174,3.8633504715357025,,True,,-18.407539280388,109.99492537703357,7.856780384073827,1.0111021112745395,,,,,,,,,,,,,,
482,96,0,-150.690885748002,42.114684631492835,,False,,-153.302208997854,1638.6300791233775,17.06906332420185,3.7213424617704596,,,,,,,,,,,,,,
483,77,0,-100.00463973287,36.325019382274945,,False,,-102.685493382023,1682.2610634201374,21.847546278183604,2.756170521954013,,,,,,,,,,,,,,
484,11,0,-15.782273222597,15.794168214696098,,True,,-15.955650606413,108.79595093281424,9.890540993892204,0.42954641434649876,,,,,,,,,,,,,,
485,113,0,-130.186490756106,305.62044737575985,,False,,-141.227982132605,6928.640446539148,61.31540218176237,1.2715114035803576,,,,,,,,,,,,,,
486,9,0,-21.143718835686,1.8341407524178108,,True,,-21.18421812463,25.413687505180015,2.8237430561311125,0.5570971680103445,,,,,,,,,,,,,,
487,144,0,,,single_point_failed,,,,,,,,,,,,,,,,,,,,
488,72,0,-82.945196972479,300.7796805387642,,False,,-85.48325139878,1592.653198191665,22.12018330821757,2.3536623878523706,,,,,,,,,,,,,,
489,128,0,,,single_point_failed,,,,,,,,,,,,,,,,,,,,
490,80,0,,,single_point_failed,,,,,,,,,,,,,,,,,,,,
491,128,0,,,single_point_failed,,,,,,,,,,,,,,,,,,,,
492,11,0,-14.74099716232,3.122517177007159,,True,,-14.792473039703,32.301600743542934,2.936509158503903,0.528723423473278,,,,,,,,,,,,,,
493,112,0,-150.083611954299,381.5513751461404,no_energy_in_xtb_output,False,,,,,,,,,,,,,,,,,,,
494,15,0,-15.715910562429,2.8558534438970926,,True,,-15.769638067414,33.71451839585987,2.2476345597239913,0.3400397103408483,,,,,,,,,,,,,,
495,46,0,-72.606258974489,5.373355025398757,,False,,-73.680439346648,674.0583603824028,14.653442617008757,3.1612168313057407,,,,,,,,,,,,,,
496,65,0,-95.237838723685,5.788196473491072,no_energy_in_xtb_output,False,,,,,,,,,,,,,,,,,,,
497,47,0,-59.602198096651,5.122033476487172,,False,,-60.098177033946,311.2314820883606,6.621946427411928,2.0071331520555957,,,,,,,,,,,,,,
498,12,0,-17.341952619152,13.190908968004011,,True,,-17.390157695399,30.249142042927225,2.520761836910602,0.2154239706277545,,,,,,,,,,,,,,
499,16,0,-21.31324440966,4.668731812042621,,True,,-21.375551855631,39.09851265147571,2.4436570407172318,0.5388691778870021,,,,,,,,,,,,,,
__summary__,,,,,,,,,,,,500,388,388,0.22399999999999998,89.1725433323532,712.3342166655785,1209.7806258258997,4.578012869018446,9.661250526760245,18.886271889250903,5.434953622390701,1.0736146629427146,nan,0.518
